"id","area_km"
0010000.00,804.79
0010001.00,10.10
0010002.00,1.98
0010003.01,1.62
0010003.02,1.96
0010004.00,9.19
0010005.01,0.97
0010005.02,0.99
0010006.00,1.06
0010007.00,0.54
0010008.00,2.45
0010009.00,0.55
0010010.00,0.64
0010011.00,0.50
0010012.00,1.44
0010013.00,0.91
0010014.00,1.54
0010015.01,10.08
0010015.02,1.30
0010015.03,2.90
0010015.04,3.11
0010016.01,6.44
0010016.02,19.76
0010017.00,152.09
0010100.01,10.75
0010100.03,132.02
0010100.04,31.10
0010110.00,48.23
0010170.01,2.68
0010170.02,1.56
0010171.00,3.84
0010172.02,4.87
0010172.03,0.78
0010172.04,4.95
0010172.05,1.82
0010172.06,1.15
0010200.01,32.23
0010200.02,49.83
0010200.03,92.40
0010201.00,33.87
0010202.01,20.45
0010202.02,11.47
0010202.04,5.77
0010202.05,23.82
0010300.00,8.68
0010301.01,21.93
0010301.02,11.28
0010302.00,17.21
2050000.00,5496.31
2050001.00,5.70
2050002.00,11.52
2050003.00,2.37
2050004.01,0.48
2050004.02,0.48
2050005.00,0.77
2050006.00,1.05
2050007.00,1.16
2050008.00,0.50
2050009.00,0.64
2050010.00,0.83
2050011.00,0.81
2050012.00,0.52
2050013.00,0.81
2050014.00,1.84
2050015.00,2.04
2050016.00,2.56
2050017.00,2.91
2050018.00,1.40
2050019.00,0.89
2050020.00,1.00
2050021.00,0.88
2050022.00,2.83
2050023.00,1.54
2050024.00,2.18
2050025.01,1.05
2050025.02,1.91
2050025.03,2.47
2050026.02,1.51
2050026.03,1.39
2050026.04,0.65
2050026.05,0.77
2050027.00,4.50
2050100.00,5.86
2050101.00,1.67
2050102.00,1.32
2050103.00,1.89
2050104.01,1.24
2050104.02,4.85
2050105.01,1.19
2050105.02,2.11
2050106.01,1.56
2050106.02,8.96
2050107.00,1.54
2050108.00,2.27
2050109.00,1.27
2050110.00,0.81
2050111.00,0.97
2050112.00,1.65
2050113.00,3.06
2050114.00,18.14
2050120.00,23.47
2050121.02,1.64
2050121.03,17.81
2050121.05,16.60
2050121.06,6.51
2050121.08,1.57
2050121.09,0.19
2050121.1,6.85
2050122.01,1.46
2050122.03,38.75
2050122.04,3.50
2050122.05,1.20
2050123.01,45.11
2050123.02,13.08
2050123.04,3.91
2050123.05,1.94
2050123.06,1.70
2050130.03,20.89
2050130.04,21.45
2050130.05,3.97
2050130.06,121.50
2050131.01,2.50
2050131.02,2.30
2050131.03,5.93
2050131.04,4.64
2050131.05,4.71
2050132.03,4.24
2050132.04,31.92
2050132.06,50.39
2050132.07,65.90
2050132.09,0.44
2050132.1,67.55
2050140.00,170.20
2050141.00,207.36
2050142.01,6.69
2050142.02,50.51
2050143.01,279.91
2050143.02,110.14
2050150.01,99.28
2050150.02,71.77
2050151.00,176.18
2050152.00,618.40
2050153.00,1209.07
2050154.01,0.85
2050154.03,0.51
2050154.04,1747.90
2050155.00,31.60
3050000.00,2559.05
3050001.00,3.64
3050002.00,3.41
3050003.01,25.66
3050003.03,10.40
3050003.04,7.23
3050004.00,4.75
3050005.00,3.49
3050006.00,1.63
3050007.00,1.04
3050008.00,2.32
3050009.00,1.62
3050010.01,1.94
3050010.02,7.78
3050011.00,54.69
3050012.00,12.32
3050013.00,5.13
3050014.02,16.48
3050014.03,20.21
3050014.04,12.24
3050015.01,0.55
3050015.02,283.59
3050016.01,340.38
3050016.02,252.79
3050100.00,552.92
3050101.00,14.12
3050102.01,4.15
3050102.02,17.19
3050110.00,519.59
3050120.00,149.08
3050200.00,228.72
3100000.00,3509.62
3100001.01,70.66
3100001.02,7.96
3100002.01,3.47
3100002.02,4.73
3100003.00,1.60
3100004.00,0.94
3100005.00,0.97
3100006.00,0.29
3100007.00,0.38
3100008.00,0.28
3100009.00,0.26
3100010.00,0.73
3100011.00,0.42
3100012.00,1.18
3100013.00,0.40
3100014.00,1.66
3100015.00,1.02
3100016.00,1.51
3100017.00,0.98
3100018.00,0.46
3100019.00,0.39
3100020.00,0.56
3100021.00,0.66
3100022.00,0.86
3100023.00,0.65
3100024.00,3.38
3100025.01,4.90
3100025.02,10.52
3100026.00,98.75
3100027.01,4.95
3100027.02,18.77
3100028.00,13.83
3100029.00,57.85
3100100.01,59.78
3100100.03,295.70
3100100.04,235.33
3100101.00,209.62
3100102.00,590.14
3100110.01,13.35
3100110.02,21.37
3100111.00,200.69
3100112.00,114.46
3100120.02,29.88
3100120.03,16.75
3100120.04,10.58
3100130.01,142.35
3100130.03,7.26
3100130.04,280.86
3100131.01,189.22
3100131.02,631.55
3100140.00,144.76
3200000.00,5745.41
3200001.00,0.63
3200002.00,1.48
3200003.00,1.71
3200004.00,4.57
3200005.00,2.03
3200006.00,13.08
3200007.00,23.38
3200008.00,22.84
3200009.00,8.47
3200010.00,1.72
3200011.00,4.81
3200012.00,2.85
3200013.00,22.44
3200014.00,16.68
3200015.00,5.86
3200016.00,0.01
3200017.00,2.72
3200018.00,752.68
3200019.00,921.96
3200020.00,159.59
3200021.00,21.33
3200022.00,375.44
3200023.00,303.38
3200024.00,1446.95
3200025.00,3.81
3200026.00,403.72
3200027.00,362.12
3200028.00,29.46
3200029.00,529.02
3200030.00,300.65
4080000.00,2759.75
4080001.00,2.07
4080002.01,2.45
4080002.02,4.24
4080003.01,2.65
4080003.02,1.76
4080004.00,2.61
4080005.00,1.39
4080006.00,1.36
4080007.00,3.48
4080008.00,9.36
4080100.00,8.65
4080101.00,12.46
4080102.00,1.39
4080103.00,15.20
4080104.00,124.41
4080105.00,1.29
4080106.00,1.19
4080107.02,1.48
4080107.03,7.47
4080107.04,33.57
4080108.00,0.89
4080109.00,0.64
4080110.00,5.57
4080111.03,85.21
4080111.04,146.99
4080120.01,79.66
4080120.03,189.54
4080120.04,22.71
4080120.05,20.08
4080130.00,3.98
4080131.00,7.21
4080132.00,1.98
4080133.00,2.48
4080140.00,101.54
4080150.00,231.44
4080160.00,83.50
4080161.00,47.60
4080162.00,57.28
4080163.00,76.54
4080164.00,352.78
4080165.00,233.22
4080166.00,116.62
4080167.00,400.30
4080168.00,62.03
4080169.00,191.50
4210000.00,3408.70
4210001.01,1.02
4210001.02,0.55
4210002.00,1.39
4210003.00,0.96
4210004.00,0.57
4210005.00,0.68
4210006.00,0.43
4210007.00,0.34
4210008.00,0.22
4210009.00,0.37
4210010.00,0.27
4210011.00,0.13
4210012.00,0.23
4210013.00,0.13
4210014.00,0.12
4210015.00,1.10
4210016.00,0.68
4210017.00,0.08
4210018.00,0.13
4210019.00,0.16
4210020.00,0.26
4210021.00,0.44
4210022.00,0.33
4210023.00,0.15
4210024.00,0.27
4210025.00,0.73
4210026.00,1.62
4210027.00,0.41
4210028.00,1.73
4210029.00,0.31
4210030.00,0.36
4210031.00,0.93
4210032.00,1.30
4210033.01,0.62
4210033.02,0.49
4210034.00,0.61
4210035.00,0.34
4210036.00,0.78
4210037.00,0.70
4210038.01,0.42
4210038.02,0.47
4210039.01,7.56
4210039.02,1.30
4210040.01,2.27
4210040.03,2.85
4210040.04,3.03
4210041.02,4.07
4210041.03,13.96
4210041.04,7.88
4210041.05,3.11
4210041.06,2.65
4210041.07,0.86
4210041.08,1.11
4210041.09,3.49
4210100.00,2.32
4210101.00,2.48
4210102.00,0.41
4210103.00,1.50
4210110.00,1.68
4210111.00,2.26
4210112.01,3.04
4210112.02,0.70
4210113.01,1.63
4210113.02,4.19
4210114.00,1.57
4210115.00,2.36
4210116.00,3.25
4210117.01,2.13
4210117.02,0.80
4210118.00,4.50
4210119.02,41.50
4210119.03,4.22
4210119.04,7.66
4210120.01,1.86
4210120.02,3.18
4210120.03,1.57
4210140.01,2.69
4210140.02,2.72
4210140.03,2.32
4210160.01,1.50
4210160.03,2.53
4210160.04,1.70
4210160.05,2.06
4210170.03,23.11
4210170.04,2.43
4210170.05,3.23
4210170.06,3.39
4210170.07,37.96
4210190.00,435.22
4210200.00,672.25
4210210.01,8.90
4210210.02,25.11
4210220.01,16.28
4210220.02,19.76
4210230.01,2.18
4210230.02,6.23
4210240.01,10.93
4210240.02,6.87
4210260.01,0.86
4210260.02,0.72
4210260.03,3.37
4210270.01,1.37
4210270.03,0.87
4210270.04,0.73
4210271.01,1.59
4210271.02,1.40
4210272.00,0.70
4210273.01,1.00
4210273.02,1.15
4210273.03,1.29
4210273.04,1.42
4210280.01,1.53
4210280.02,1.57
4210280.03,3.66
4210290.01,2.59
4210290.03,4.17
4210290.04,5.03
4210300.00,3.09
4210310.00,1.45
4210311.01,3.43
4210311.02,0.70
4210320.01,3.80
4210320.02,1.81
4210320.03,4.09
4210320.04,1.32
4210320.05,32.29
4210320.07,1.61
4210320.08,3.49
4210330.00,1.16
4210340.01,1.05
4210340.02,1.45
4210340.03,6.88
4210360.01,3.08
4210360.02,3.45
4210370.00,61.79
4210500.00,20.45
4210510.00,53.63
4210520.00,108.79
4210530.00,229.55
4210540.00,192.85
4210600.03,63.77
4210600.04,16.70
4210600.05,3.63
4210600.06,1.78
4210605.00,166.28
4210610.00,63.78
4210700.00,44.70
4210800.01,9.55
4210800.02,2.89
4210801.00,1.05
4210802.00,3.82
4210810.00,1.28
4210811.00,11.50
4210812.00,1.26
4210820.01,2.51
4210820.03,1.96
4210820.04,13.58
4210825.00,90.21
4210830.01,6.74
4210830.02,5.51
4210835.03,54.51
4210835.04,24.68
4210835.05,4.03
4210835.06,6.16
4210835.07,6.55
4210840.01,2.52
4210840.02,5.47
4210845.03,33.25
4210845.04,2.70
4210845.05,106.88
4210845.06,58.46
4210846.02,33.84
4210846.03,20.92
4210846.04,3.73
4210850.02,21.10
4210850.03,3.76
4210850.04,2.33
4210850.05,13.18
4210900.00,122.57
4210901.00,71.99
4210902.00,60.20
4330000.00,1459.58
4330001.00,3.20
4330002.00,0.87
4330003.00,0.73
4330004.00,0.98
4330005.00,0.98
4330006.00,3.52
4330007.00,1.47
4330008.00,2.64
4330009.01,2.94
4330009.02,3.07
4330010.00,1.59
4330011.00,0.70
4330012.00,0.90
4330013.00,0.56
4330014.00,0.74
4330015.01,1.10
4330015.02,1.44
4330016.00,1.03
4330017.00,2.63
4330018.00,2.01
4330019.01,20.75
4330019.02,4.07
4330100.00,27.92
4330110.01,29.37
4330110.03,31.36
4330110.04,6.27
4330110.06,6.50
4330110.07,4.04
4330111.01,9.19
4330111.02,28.60
4330111.05,4.56
4330111.06,2.65
4330111.07,15.01
4330111.08,14.98
4330112.01,255.46
4330112.02,81.83
4330113.01,42.76
4330113.02,32.38
4330200.00,46.51
4330201.00,136.29
4330202.00,114.46
4330300.01,68.82
4330300.02,70.39
4330400.01,41.65
4330400.02,17.27
4330400.03,2.96
4330400.04,82.59
4330401.00,91.64
4330402.00,136.19
4420000.00,1040.52
4420001.00,0.63
4420002.00,0.86
4420003.00,3.00
4420004.00,2.70
4420005.00,2.14
4420006.00,0.72
4420007.00,0.90
4420008.00,2.08
4420009.00,0.43
4420010.00,1.72
4420011.00,1.29
4420012.01,1.05
4420012.02,1.80
4420013.01,51.28
4420013.02,1.99
4420013.03,5.21
4420100.01,3.05
4420100.02,9.16
4420101.02,13.85
4420101.03,1.60
4420101.04,1.79
4420102.00,63.06
4420200.00,2.82
4420201.00,1.12
4420202.00,0.68
4420203.00,1.26
4420204.00,4.68
4420205.01,3.23
4420205.02,2.67
4420205.03,1.75
4420210.00,39.64
4420211.00,61.16
4420212.00,91.34
4420213.00,58.30
4420300.01,0.75
4420300.02,172.05
4420301.00,20.81
4420302.00,247.81
4420303.00,53.67
4420304.00,106.47
4470000.00,1016.64
4470001.01,34.73
4470001.02,1.89
4470002.00,2.57
4470003.00,4.22
4470004.00,1.30
4470005.00,8.35
4470006.00,2.85
4470007.00,1.18
4470008.00,5.29
4470009.00,9.29
4470010.00,20.05
4470011.00,110.39
4470012.00,111.29
4470013.00,57.62
4470014.00,5.14
4470015.00,90.34
4470100.00,59.94
4470101.00,87.46
4470102.00,98.79
4470103.00,4.20
4470104.00,87.55
4470105.00,48.30
4470106.00,97.72
4470107.00,66.19
4500000.00,494.40
4500001.00,23.57
4500002.00,24.02
4500003.00,5.14
4500004.00,2.12
4500005.00,1.21
4500006.00,4.68
4500007.00,0.95
4500008.00,1.20
4500009.00,2.50
4500010.00,0.91
4500011.00,1.52
4500012.00,2.03
4500013.00,1.98
4500014.00,13.88
4500015.00,6.37
4500016.00,60.72
4500100.00,114.13
4500200.00,50.14
4500201.00,79.57
4500202.00,97.78
4620000.00,4604.26
4620001.00,0.46
4620002.00,0.39
4620003.00,0.74
4620004.00,0.45
4620005.00,0.56
4620006.00,0.65
4620007.00,1.09
4620008.00,0.62
4620009.00,4.26
4620010.00,0.92
4620011.00,1.25
4620012.01,0.24
4620012.02,0.40
4620013.00,1.08
4620014.01,0.90
4620014.02,0.87
4620015.00,0.38
4620016.00,0.52
4620017.00,0.22
4620018.00,0.37
4620019.00,0.33
4620021.00,0.44
4620022.00,0.17
4620023.00,0.36
4620024.00,0.28
4620025.00,0.22
4620026.00,0.17
4620027.00,0.09
4620028.00,0.16
4620029.00,0.40
4620030.00,0.30
4620031.00,0.26
4620032.00,0.12
4620033.00,0.15
4620034.00,0.21
4620035.00,0.18
4620036.00,0.19
4620037.00,0.51
4620038.00,0.21
4620039.00,0.48
4620040.00,2.14
4620041.00,0.26
4620042.00,0.10
4620043.00,0.35
4620044.00,0.14
4620045.00,0.12
4620046.00,0.16
4620047.00,0.12
4620048.00,0.14
4620049.00,0.16
4620050.00,0.07
4620051.00,0.21
4620052.00,0.14
4620053.00,0.11
4620054.00,0.15
4620055.01,0.73
4620055.02,1.31
4620056.00,0.29
4620057.00,0.15
4620058.00,0.15
4620059.00,0.20
4620060.00,0.09
4620061.00,0.22
4620062.00,0.83
4620063.00,0.36
4620064.00,0.24
4620065.01,0.14
4620065.02,0.15
4620066.01,0.23
4620066.02,0.18
4620067.00,0.15
4620068.00,0.16
4620069.01,0.44
4620069.02,0.26
4620070.01,0.26
4620070.02,0.36
4620071.00,0.45
4620072.00,2.59
4620073.00,0.33
4620074.00,0.40
4620075.00,0.31
4620076.00,0.37
4620077.00,0.42
4620078.00,0.37
4620079.00,0.60
4620080.00,0.09
4620081.00,0.26
4620082.00,0.30
4620083.00,0.41
4620084.00,0.34
4620085.00,1.13
4620086.00,0.53
4620087.00,0.26
4620088.00,0.34
4620089.00,0.53
4620090.00,0.44
4620091.00,0.99
4620092.00,0.56
4620093.00,0.74
4620094.01,1.79
4620094.02,1.89
4620095.00,0.22
4620096.00,0.19
4620097.01,0.35
4620097.02,0.39
4620098.00,1.04
4620099.00,0.69
4620100.01,0.46
4620100.02,0.36
4620101.01,0.35
4620101.02,0.36
4620102.00,0.59
4620103.00,0.33
4620104.00,0.38
4620105.00,0.30
4620106.00,0.24
4620107.00,0.16
4620108.00,0.56
4620109.00,0.17
4620110.00,0.25
4620111.00,0.75
4620112.01,0.63
4620112.02,0.28
4620113.00,0.50
4620114.00,0.28
4620115.01,0.22
4620115.02,0.43
4620116.00,0.64
4620117.00,0.27
4620118.00,0.30
4620119.00,0.58
4620120.01,2.63
4620120.02,0.20
4620121.00,0.39
4620122.00,0.67
4620123.00,0.41
4620124.00,0.38
4620125.00,0.48
4620126.00,0.75
4620127.01,0.49
4620127.02,1.32
4620128.00,3.00
4620129.01,0.28
4620129.02,0.36
4620130.00,0.15
4620131.00,0.10
4620132.00,0.27
4620133.00,0.15
4620134.00,0.09
4620135.00,0.12
4620136.00,0.18
4620137.00,0.18
4620138.00,0.28
4620139.00,0.22
4620140.00,0.12
4620141.00,0.12
4620142.00,0.11
4620143.00,0.17
4620144.00,0.19
4620145.00,0.41
4620146.00,0.14
4620147.00,0.17
4620148.00,0.14
4620149.00,0.14
4620150.00,0.16
4620151.00,0.12
4620152.00,0.14
4620153.00,0.28
4620154.00,0.12
4620155.00,0.11
4620156.00,0.14
4620157.00,0.16
4620158.00,0.14
4620159.00,0.12
4620160.00,0.12
4620161.00,0.14
4620162.00,0.09
4620163.00,0.20
4620164.00,0.07
4620165.00,0.15
4620166.00,0.23
4620167.00,0.21
4620168.00,0.17
4620169.00,0.15
4620170.00,0.16
4620171.00,0.48
4620172.00,0.20
4620173.00,0.19
4620174.00,0.23
4620175.00,0.12
4620176.00,0.11
4620177.00,0.10
4620178.00,0.28
4620179.00,0.50
4620180.00,0.26
4620181.00,0.33
4620182.00,0.14
4620183.00,0.13
4620184.00,0.22
4620185.00,0.39
4620186.00,0.39
4620187.01,0.36
4620187.03,0.36
4620187.04,0.77
4620188.01,0.15
4620188.02,0.23
4620189.00,1.47
4620190.01,0.45
4620190.02,1.04
4620191.00,1.69
4620192.00,0.78
4620193.00,0.26
4620194.00,1.21
4620195.01,0.55
4620195.02,0.60
4620195.03,0.88
4620196.00,0.40
4620197.00,0.60
4620198.00,0.65
4620199.00,0.23
4620200.00,0.31
4620201.00,0.94
4620202.00,0.61
4620203.00,0.24
4620204.00,0.23
4620205.00,0.18
4620206.00,0.23
4620207.00,0.26
4620208.00,0.20
4620209.00,0.66
4620210.00,0.33
4620211.00,0.18
4620212.00,0.19
4620213.00,0.19
4620214.00,0.25
4620215.00,0.23
4620216.00,0.32
4620217.00,0.16
4620218.00,0.28
4620219.00,0.31
4620220.00,0.42
4620221.00,0.33
4620222.00,0.20
4620223.01,0.14
4620223.02,0.20
4620224.00,0.38
4620225.00,0.65
4620226.00,0.24
4620227.00,0.12
4620228.00,0.11
4620229.00,0.47
4620230.00,0.12
4620231.00,0.10
4620232.00,0.36
4620233.00,0.10
4620234.00,0.15
4620235.00,0.12
4620236.00,0.11
4620237.00,0.22
4620238.00,0.16
4620239.00,0.54
4620240.00,0.31
4620241.00,0.21
4620242.00,0.37
4620243.00,0.25
4620244.00,0.18
4620245.00,0.22
4620247.00,0.19
4620249.00,0.53
4620250.00,0.45
4620251.01,0.48
4620251.02,0.24
4620252.00,0.33
4620253.00,0.46
4620254.00,0.61
4620256.00,1.84
4620257.00,1.33
4620258.00,0.40
4620259.00,0.37
4620260.00,0.54
4620261.00,0.63
4620262.00,0.76
4620263.00,0.75
4620264.01,1.22
4620264.02,0.91
4620265.00,0.48
4620266.00,0.75
4620267.00,1.13
4620268.01,0.58
4620268.02,0.30
4620268.03,1.28
4620269.00,0.77
4620270.00,0.68
4620271.00,0.48
4620272.00,0.50
4620273.00,0.57
4620274.00,0.48
4620275.00,0.62
4620276.00,0.86
4620277.00,0.56
4620278.00,0.59
4620279.00,0.94
4620280.00,0.59
4620281.00,1.09
4620282.00,1.33
4620283.01,0.61
4620283.02,0.47
4620284.00,0.58
4620285.00,1.51
4620286.00,0.79
4620287.01,0.54
4620287.02,1.11
4620288.00,1.89
4620290.01,1.20
4620290.02,1.80
4620290.03,0.64
4620290.04,2.83
4620290.05,2.22
4620290.06,0.90
4620290.07,0.58
4620290.08,1.13
4620290.09,1.11
4620291.01,0.98
4620291.03,6.99
4620291.04,3.20
4620300.00,0.52
4620301.00,0.42
4620302.00,0.21
4620303.00,0.26
4620304.00,0.27
4620305.00,0.35
4620306.00,0.22
4620307.00,0.17
4620308.00,0.17
4620309.00,0.19
4620310.00,0.43
4620311.00,0.36
4620312.00,0.31
4620313.00,0.40
4620314.00,0.26
4620315.00,0.81
4620316.00,0.57
4620317.02,1.30
4620317.03,0.81
4620317.04,1.63
4620320.00,0.68
4620321.00,1.11
4620322.02,0.78
4620322.03,0.77
4620322.04,0.46
4620323.00,0.62
4620324.01,0.67
4620324.02,0.67
4620325.01,0.39
4620325.02,0.98
4620325.03,0.47
4620325.05,0.91
4620325.06,0.77
4620326.01,2.54
4620326.02,1.09
4620326.03,1.32
4620327.00,1.09
4620328.00,0.44
4620329.00,0.63
4620330.00,2.06
4620340.00,1.37
4620350.00,0.56
4620351.00,0.46
4620352.00,0.49
4620353.00,0.41
4620354.00,0.81
4620355.00,0.31
4620356.00,1.00
4620360.00,1.43
4620361.00,0.11
4620362.00,0.52
4620363.00,0.37
4620364.00,0.23
4620365.00,0.25
4620366.00,0.35
4620367.00,0.55
4620370.00,1.80
4620380.00,0.77
4620381.00,0.59
4620382.01,0.58
4620382.02,1.56
4620383.01,1.73
4620383.02,1.50
4620385.00,0.04
4620390.00,1.03
4620391.00,0.32
4620392.00,0.44
4620393.00,1.04
4620394.00,1.34
4620395.01,7.64
4620395.02,0.69
4620395.03,0.61
4620396.00,1.46
4620397.00,1.19
4620400.00,1.38
4620401.00,0.97
4620402.00,2.44
4620403.00,1.32
4620404.00,1.43
4620410.01,0.87
4620410.02,0.76
4620410.03,2.21
4620412.00,1.50
4620413.01,0.81
4620413.02,0.81
4620415.03,0.26
4620415.04,0.48
4620415.05,10.89
4620415.06,17.97
4620416.01,0.85
4620416.02,1.04
4620417.01,0.67
4620417.02,0.36
4620418.00,1.30
4620419.00,0.38
4620420.00,0.83
4620421.01,0.41
4620421.02,0.56
4620430.00,1.99
4620431.00,2.21
4620432.00,1.30
4620433.00,15.40
4620440.00,0.19
4620450.00,3.76
4620451.00,3.33
4620452.00,3.15
4620453.01,1.98
4620453.02,6.69
4620460.00,3.58
4620461.00,1.88
4620462.01,2.38
4620462.02,3.19
4620470.01,3.51
4620470.03,2.42
4620470.04,1.57
4620470.05,2.12
4620480.00,6.03
4620490.00,0.69
4620491.00,9.79
4620500.00,7.53
4620511.01,1.46
4620511.02,1.54
4620512.02,1.47
4620512.03,0.69
4620512.04,1.77
4620513.01,1.09
4620513.02,1.25
4620514.01,2.00
4620514.02,1.87
4620515.01,9.12
4620515.02,0.93
4620515.03,0.97
4620515.04,0.84
4620520.02,1.62
4620520.03,1.48
4620520.04,1.06
4620521.01,0.84
4620521.04,1.40
4620521.05,1.35
4620521.06,2.09
4620521.07,2.06
4620522.01,1.23
4620522.02,1.09
4620523.00,0.76
4620530.00,2.25
4620540.00,0.88
4620550.02,13.33
4620550.03,5.02
4620550.04,4.43
4620570.00,12.24
4620580.01,1.17
4620580.02,0.80
4620580.03,1.08
4620581.01,1.31
4620581.02,0.67
4620582.01,1.16
4620582.02,1.28
4620583.00,0.74
4620584.00,1.60
4620585.01,3.46
4620585.02,5.59
4620590.01,1.50
4620590.02,0.30
4620591.01,0.49
4620591.02,0.69
4620592.00,0.96
4620593.01,1.04
4620593.02,0.48
4620594.01,0.40
4620594.02,7.94
4620600.01,0.74
4620600.02,0.41
4620600.03,0.70
4620601.01,0.32
4620601.02,0.43
4620602.01,0.54
4620602.02,0.62
4620603.01,0.53
4620603.02,0.62
4620603.03,0.36
4620604.01,0.93
4620604.02,0.34
4620604.03,0.50
4620604.04,0.76
4620604.05,0.59
4620605.01,1.35
4620605.02,0.58
4620605.03,1.03
4620605.04,1.58
4620605.05,0.57
4620610.01,0.93
4620610.02,0.46
4620610.03,0.79
4620610.04,0.19
4620610.05,0.39
4620610.06,0.34
4620610.07,0.55
4620611.01,0.71
4620611.02,0.56
4620612.00,0.75
4620613.00,0.99
4620614.00,0.44
4620615.00,0.56
4620616.00,0.75
4620617.01,0.90
4620617.02,0.66
4620618.00,0.50
4620619.00,0.57
4620625.01,5.16
4620625.02,2.00
4620626.00,10.59
4620627.00,5.14
4620628.01,1.75
4620628.02,0.82
4620629.00,1.19
4620630.01,1.21
4620630.02,2.21
4620631.00,25.02
4620632.01,1.52
4620632.02,1.99
4620632.03,4.21
4620632.04,1.90
4620633.00,1.63
4620634.00,0.82
4620635.00,1.04
4620636.00,2.23
4620637.01,1.59
4620637.02,1.42
4620638.01,0.92
4620638.02,0.45
4620638.03,0.68
4620638.04,0.82
4620639.00,1.34
4620640.00,0.80
4620641.01,1.36
4620641.02,1.28
4620642.00,9.63
4620643.01,3.17
4620643.02,3.62
4620643.03,1.55
4620644.00,1.49
4620645.00,1.53
4620646.01,0.52
4620646.02,0.63
4620646.03,0.50
4620647.01,0.31
4620647.02,1.62
4620648.00,1.13
4620649.01,1.46
4620649.02,1.29
4620650.01,0.77
4620650.02,0.73
4620650.04,1.78
4620650.05,0.87
4620651.01,2.16
4620651.02,5.06
4620652.01,3.00
4620652.04,1.27
4620652.06,2.21
4620652.07,9.61
4620652.08,1.49
4620652.09,1.04
4620653.00,0.61
4620654.00,1.70
4620655.01,1.47
4620655.02,2.48
4620656.01,6.15
4620656.03,3.80
4620656.04,2.05
4620657.01,1.90
4620657.02,1.54
4620657.03,1.78
4620658.01,1.24
4620658.02,0.91
4620658.03,5.75
4620659.04,6.04
4620659.05,2.37
4620659.06,1.80
4620659.08,1.38
4620659.09,0.87
4620659.1,1.09
4620659.11,2.43
4620660.01,2.00
4620660.02,1.41
4620660.03,2.07
4620661.01,5.67
4620661.03,19.32
4620661.04,0.97
4620662.00,28.94
4620675.00,3.78
4620676.01,1.51
4620676.02,1.13
4620676.03,1.17
4620676.04,1.52
4620677.01,2.28
4620677.02,2.18
4620677.05,1.90
4620677.06,2.68
4620677.07,1.01
4620677.08,2.50
4620677.09,1.26
4620677.1,1.39
4620681.00,36.36
4620682.02,11.97
4620682.03,21.50
4620682.04,1.08
4620682.05,0.77
4620682.06,1.60
4620683.00,2.19
4620684.03,17.11
4620684.05,3.97
4620684.08,2.70
4620684.09,10.71
4620684.1,4.08
4620684.11,3.64
4620685.02,56.60
4620685.03,7.71
4620685.04,0.90
4620685.05,2.75
4620685.07,3.40
4620685.08,3.53
4620686.01,26.12
4620686.02,3.96
4620686.03,2.03
4620687.01,3.16
4620687.03,15.82
4620687.04,1.74
4620687.06,2.63
4620687.07,1.99
4620687.09,20.45
4620687.1,21.97
4620688.02,89.76
4620688.03,2.03
4620688.04,1.80
4620689.01,2.74
4620689.02,1.57
4620689.03,3.65
4620689.04,31.77
4620690.00,65.62
4620691.00,2.76
4620692.00,64.11
4620693.00,2.02
4620694.00,32.86
4620700.01,1.32
4620700.03,1.54
4620700.04,1.57
4620701.01,1.73
4620701.02,2.66
4620702.01,2.04
4620702.02,3.88
4620703.02,4.47
4620703.03,3.12
4620703.04,3.24
4620704.01,1.77
4620704.04,1.79
4620704.05,4.88
4620704.06,2.35
4620704.08,14.55
4620704.09,2.47
4620705.01,1.58
4620705.02,1.91
4620706.00,1.37
4620707.00,1.86
4620708.01,1.21
4620708.02,1.55
4620709.01,3.70
4620709.02,2.39
4620710.03,3.09
4620710.05,32.29
4620710.06,2.09
4620710.07,3.39
4620710.08,1.23
4620710.09,3.53
4620710.1,2.52
4620710.11,0.92
4620725.03,1.56
4620725.04,2.84
4620725.06,52.73
4620725.07,1.45
4620725.09,2.18
4620725.1,3.22
4620726.01,1.87
4620726.03,1.26
4620726.04,0.80
4620727.01,1.12
4620727.02,1.50
4620728.01,1.76
4620728.02,1.92
4620728.03,0.92
4620729.00,1.49
4620730.01,5.77
4620730.02,2.98
4620731.00,4.62
4620732.01,41.32
4620732.03,11.85
4620732.04,57.31
4620733.01,230.99
4620733.02,42.98
4620734.03,5.29
4620734.04,23.98
4620734.05,32.28
4620734.06,2.15
4620734.07,128.90
4620735.01,52.53
4620735.02,8.94
4620740.01,92.68
4620740.03,45.06
4620740.04,48.81
4620750.01,15.46
4620750.02,12.75
4620750.04,1.06
4620750.06,3.59
4620750.07,1.96
4620751.01,3.37
4620751.02,3.74
4620755.01,21.21
4620755.02,5.56
4620756.02,10.86
4620756.03,34.76
4620756.04,2.79
4620756.05,2.22
4620757.00,21.87
4620758.03,23.74
4620758.04,15.37
4620758.05,7.63
4620758.06,20.06
4620760.00,77.71
4620775.00,10.53
4620776.00,8.51
4620777.01,30.39
4620777.02,30.42
4620780.00,1.48
4620781.00,2.36
4620782.00,2.47
4620783.00,4.98
4620784.00,1.23
4620785.00,3.53
4620786.00,3.36
4620787.00,6.47
4620788.00,2.13
4620789.00,12.11
4620790.00,14.66
4620791.00,4.46
4620792.00,31.18
4620800.01,3.62
4620800.02,1.65
4620801.00,2.62
4620802.00,5.75
4620804.01,2.47
4620804.02,10.31
4620805.00,3.21
4620806.01,1.65
4620806.02,4.68
4620807.01,19.27
4620807.02,26.81
4620825.02,0.93
4620825.03,1.31
4620825.04,1.75
4620825.05,1.71
4620825.06,1.37
4620825.07,1.61
4620825.08,9.59
4620826.02,1.66
4620826.05,1.56
4620826.06,1.11
4620826.07,0.83
4620826.08,1.25
4620826.09,1.33
4620826.1,2.01
4620826.11,1.06
4620826.13,1.02
4620826.14,14.38
4620827.02,3.36
4620827.03,4.38
4620827.04,35.94
4620828.03,2.95
4620828.04,2.96
4620828.05,2.93
4620828.06,8.47
4620829.00,7.63
4620830.01,6.61
4620830.03,1.50
4620830.04,1.31
4620831.03,2.08
4620831.04,1.73
4620831.05,1.93
4620831.07,76.63
4620831.08,4.51
4620831.09,1.68
4620832.00,50.39
4620833.00,61.95
4620834.00,52.32
4620850.01,4.13
4620850.03,1.50
4620850.04,8.42
4620850.05,7.72
4620851.00,3.36
4620852.01,54.52
4620852.02,7.75
4620853.02,20.21
4620853.03,3.08
4620853.04,12.60
4620854.01,2.82
4620854.02,20.15
4620855.01,7.90
4620855.03,3.95
4620855.04,8.32
4620856.00,15.49
4620857.01,1.49
4620857.02,1.18
4620857.06,1.43
4620857.07,10.07
4620857.08,3.86
4620857.09,2.38
4620857.1,6.60
4620857.11,2.17
4620857.12,1.09
4620858.01,1.51
4620858.02,1.20
4620858.04,2.80
4620858.05,10.11
4620859.00,0.75
4620860.01,1.66
4620860.02,1.21
4620861.00,1.91
4620862.00,2.27
4620863.01,1.41
4620863.02,1.91
4620864.00,2.01
4620865.00,0.52
4620866.00,0.49
4620867.00,1.53
4620868.01,1.60
4620868.02,1.21
4620869.00,1.07
4620870.01,1.01
4620870.02,0.59
4620871.01,0.74
4620871.02,0.49
4620872.00,1.72
4620873.01,0.42
4620873.02,0.65
4620874.00,0.86
4620875.00,0.75
4620876.01,0.72
4620876.04,2.64
4620876.05,4.73
4620876.06,1.01
4620876.07,1.00
4620877.01,5.10
4620877.02,1.49
4620878.00,1.10
4620879.01,0.62
4620879.02,0.77
4620880.00,0.90
4620881.01,0.54
4620881.02,0.61
4620882.00,0.70
4620883.00,0.99
4620884.01,0.72
4620884.02,1.93
4620885.00,1.62
4620886.01,4.41
4620886.02,2.12
4620886.03,2.22
4620887.03,11.44
4620887.04,1.95
4620887.05,1.98
4620887.06,1.78
4620887.07,9.95
4620888.01,30.26
4620888.02,2.37
4620888.03,2.13
4620889.01,1.36
4620889.02,3.97
4620889.03,3.31
4620900.00,2.24
4620901.01,2.45
4620901.02,1.66
4620901.03,18.06
4620902.00,3.12
4620903.01,10.24
4620903.04,1.42
4620903.05,1.23
4620903.08,0.83
4620903.09,13.87
4620903.1,22.94
4620903.11,3.76
4620903.12,1.94
4620903.13,39.41
4620903.14,29.13
4620904.02,17.06
4620904.03,73.47
4620904.04,1.38
4620904.05,1.33
4620904.06,1.17
4620926.01,30.98
4620926.02,47.15
4620929.01,2.26
4620929.02,3.11
4620930.02,15.65
4620930.03,7.46
4620930.04,21.09
4621000.00,2.30
4621001.00,54.58
4621002.00,72.57
4621003.00,46.89
4621004.00,11.63
4621005.00,25.10
4621006.00,118.36
4622001.00,7.96
4622002.00,22.16
4622003.00,1.97
4622004.00,1.17
4622005.00,1.20
4622006.00,0.46
4622007.00,0.44
4622008.00,0.50
4622009.00,1.88
4622010.00,3.57
4622011.00,0.62
4622012.00,0.70
4622013.00,1.76
4622014.00,1.50
4622015.00,1.23
4622100.00,9.49
4622101.00,7.81
4622102.00,48.43
4622103.00,3.63
4622200.00,2.18
4622201.00,1.47
4622202.00,3.64
4622203.00,2.58
4622204.00,4.52
4622205.00,3.31
4622206.00,26.66
4622207.00,6.95
4622300.00,1.32
4622301.00,0.90
4622302.00,1.01
4622303.00,1.28
4622304.00,0.70
4622400.00,46.42
4622401.00,4.41
4622402.00,2.79
5050000.00,6767.41
5050001.01,2.01
5050001.04,1.36
5050001.05,2.70
5050001.06,1.25
5050001.07,0.97
5050001.08,4.61
5050002.01,2.58
5050002.02,1.52
5050002.04,1.18
5050002.05,1.37
5050002.06,4.49
5050003.00,3.20
5050004.00,1.88
5050005.00,2.23
5050006.00,2.53
5050007.01,0.84
5050007.02,0.42
5050007.03,1.21
5050008.00,1.55
5050009.00,1.03
5050010.00,0.63
5050011.01,7.81
5050011.03,1.23
5050011.04,2.03
5050012.00,1.52
5050013.00,1.52
5050014.00,0.38
5050015.00,1.11
5050016.00,1.09
5050017.00,0.94
5050018.00,0.74
5050019.00,1.03
5050020.01,5.75
5050020.02,1.51
5050021.00,2.14
5050022.00,1.74
5050023.01,1.29
5050023.02,0.91
5050024.00,1.37
5050025.00,2.48
5050026.00,2.22
5050027.00,0.75
5050028.00,1.97
5050029.00,1.01
5050030.00,1.79
5050031.00,1.11
5050032.01,0.78
5050032.02,1.82
5050033.01,1.06
5050033.02,1.02
5050034.00,1.28
5050035.00,0.79
5050036.00,0.79
5050037.00,0.57
5050038.00,0.43
5050039.00,0.40
5050040.00,0.38
5050041.00,0.57
5050042.00,0.58
5050043.00,0.73
5050044.00,0.68
5050045.00,3.27
5050046.00,0.97
5050047.00,0.84
5050048.00,1.26
5050049.00,0.30
5050050.00,0.44
5050051.00,0.60
5050052.00,0.65
5050053.00,0.41
5050054.00,0.56
5050055.00,0.58
5050056.00,0.51
5050057.00,0.27
5050058.00,1.15
5050059.00,1.57
5050060.00,1.33
5050061.00,1.37
5050062.01,1.84
5050062.02,4.77
5050100.00,0.50
5050101.00,0.73
5050102.00,0.43
5050103.00,0.84
5050104.00,0.39
5050110.00,1.76
5050120.01,1.59
5050120.02,3.67
5050120.03,1.76
5050121.01,1.16
5050121.02,1.10
5050122.01,0.89
5050122.02,3.70
5050122.03,2.46
5050123.01,1.82
5050123.02,4.37
5050124.01,3.06
5050124.02,1.56
5050124.03,4.42
5050124.04,0.95
5050125.01,1.51
5050125.02,0.90
5050125.03,59.36
5050125.04,1.73
5050125.05,1.98
5050125.06,9.90
5050125.07,1.67
5050125.08,1.31
5050125.09,0.74
5050126.03,17.35
5050126.04,135.71
5050126.05,6.83
5050126.06,7.30
5050127.00,19.69
5050130.01,11.06
5050130.02,1.55
5050131.01,1.52
5050131.02,1.40
5050132.00,1.95
5050133.00,2.40
5050134.00,2.05
5050135.01,1.83
5050135.02,3.71
5050135.03,1.39
5050136.01,2.57
5050136.02,2.09
5050137.02,0.97
5050137.03,1.21
5050137.04,0.89
5050137.05,2.07
5050138.00,1.21
5050139.00,5.65
5050140.01,16.98
5050140.03,0.81
5050140.04,1.25
5050140.05,1.12
5050140.06,0.72
5050140.07,1.34
5050141.04,2.73
5050141.05,2.63
5050141.08,8.38
5050141.09,1.69
5050141.1,1.04
5050141.11,0.94
5050141.12,4.95
5050141.13,1.43
5050141.14,110.11
5050141.15,13.90
5050151.03,12.05
5050151.04,3.03
5050151.05,1.68
5050151.06,3.36
5050151.07,4.58
5050151.08,13.14
5050151.09,236.07
5050160.02,2.59
5050160.03,11.35
5050160.04,2.06
5050160.05,1.13
5050160.06,2.50
5050160.07,3.33
5050160.09,88.41
5050160.1,4.42
5050160.11,5.66
5050161.03,1.22
5050161.04,1.67
5050161.05,1.57
5050161.06,1.95
5050162.01,4.21
5050162.02,2.23
5050170.01,2.64
5050170.03,1.37
5050170.04,1.34
5050170.05,0.99
5050170.08,0.73
5050170.09,1.27
5050170.1,1.81
5050170.11,1.33
5050170.12,1.08
5050170.13,1.24
5050171.03,153.82
5050171.05,3.67
5050171.06,133.80
5050171.07,1.71
5050171.09,6.99
5050171.1,4.25
5050180.01,5.24
5050180.02,17.31
5050181.01,123.04
5050181.02,152.13
5050182.00,169.83
5050183.00,16.74
5050184.00,12.53
5050190.01,193.14
5050190.02,49.17
5050191.01,38.73
5050191.02,102.21
5050200.01,263.44
5050200.02,141.45
5050201.00,6.70
5050300.00,260.82
5050301.00,257.80
5050302.00,112.33
5050400.00,352.18
5050500.00,1.18
5050501.00,0.44
5050502.00,1.19
5050503.00,0.61
5050504.01,5.36
5050504.03,5.80
5050504.04,1.69
5050504.05,1.86
5050505.00,0.86
5050506.00,1.78
5050507.00,3.80
5050508.00,1.06
5050509.00,0.73
5050510.01,1.24
5050510.02,0.75
5050511.01,2.40
5050511.02,6.11
5050600.00,1.84
5050601.01,2.44
5050601.02,0.71
5050601.03,0.81
5050602.01,1.34
5050602.02,1.19
5050602.03,2.81
5050610.01,4.24
5050610.02,1.36
5050611.00,1.55
5050612.01,0.81
5050612.02,1.80
5050613.01,1.37
5050613.03,2.67
5050613.04,1.36
5050613.05,2.51
5050620.01,79.34
5050620.03,3.17
5050620.04,1.59
5050630.01,7.96
5050630.02,3.07
5050631.00,5.90
5050700.01,585.93
5050700.03,378.48
5050700.04,63.36
5050710.01,50.41
5050710.02,4.82
5050711.00,7.55
5050712.00,7.44
5050800.00,0.86
5050810.01,1.62
5050810.02,1.02
5050811.01,1.80
5050811.02,1.66
5050820.00,3.70
5050821.01,5.85
5050821.02,9.01
5050822.02,113.77
5050822.03,37.31
5050822.05,11.17
5050822.06,14.57
5050840.00,2.25
5050841.03,12.25
5050841.04,2.81
5050841.06,47.46
5050841.07,80.90
5050850.00,448.15
5050900.00,181.14
5050901.00,218.25
5050902.00,73.25
5050903.00,225.42
5050904.00,129.30
5050905.00,115.49
5050906.00,6.28
5050907.00,60.70
5050908.00,57.45
5210000.00,1938.81
5210001.00,0.82
5210002.00,1.01
5210003.00,1.32
5210004.00,1.64
5210005.00,3.14
5210006.00,1.17
5210007.00,0.96
5210008.00,0.61
5210009.00,0.74
5210010.00,1.19
5210011.01,4.12
5210011.02,2.69
5210012.00,1.57
5210013.00,5.75
5210014.00,2.03
5210015.00,1.65
5210016.00,0.14
5210100.01,3.13
5210100.02,30.93
5210101.00,176.00
5210102.00,238.69
5210103.00,216.18
5210104.00,219.43
5210105.01,261.02
5210105.02,9.68
5210106.00,3.96
5210107.00,66.36
5210108.00,138.53
5210109.00,36.50
5210110.00,11.59
5210111.01,1.63
5210111.02,7.61
5210112.03,10.01
5210112.04,1.48
5210112.05,1.34
5210112.06,2.26
5210112.07,1.80
5210113.01,26.28
5210113.02,146.61
5210200.00,297.27
5220000.00,1336.52
5220001.00,4.10
5220002.00,1.89
5220003.00,1.31
5220004.00,1.69
5220005.00,0.97
5220006.00,2.12
5220007.00,7.66
5220008.00,1.50
5220009.00,1.54
5220010.00,8.38
5220011.00,2.43
5220012.00,2.96
5220013.00,2.74
5220014.00,2.24
5220015.00,1.33
5220200.00,88.28
5220201.00,25.65
5220202.00,90.48
5220300.00,14.80
5220301.00,7.66
5220302.00,113.35
5220303.00,109.25
5220304.00,54.37
5220400.00,2.79
5220401.00,2.59
5220402.00,0.33
5220403.00,2.58
5220404.00,1.97
5220405.00,2.09
5220406.00,1.86
5220407.00,0.95
5220500.00,62.62
5220501.00,116.79
5220600.00,312.92
5220700.00,282.33
5290000.00,1507.12
5290001.01,4.79
5290001.02,7.86
5290002.00,1.49
5290003.00,8.91
5290004.00,2.44
5290005.00,0.87
5290006.00,2.86
5290007.00,1.52
5290008.00,1.04
5290009.01,1.74
5290009.02,2.73
5290009.03,3.54
5290009.04,2.27
5290010.00,0.70
5290011.00,1.03
5290012.00,4.39
5290013.00,3.36
5290014.00,8.99
5290100.00,155.61
5290101.00,303.34
5290102.01,80.25
5290102.03,6.61
5290102.04,119.28
5290103.00,75.81
5290104.00,44.06
5290105.01,8.16
5290105.02,268.42
5290106.00,78.70
5290200.00,161.53
5290201.00,144.80
5320000.00,903.69
5320001.00,6.66
5320002.01,2.27
5320002.02,1.14
5320002.03,7.08
5320003.01,2.48
5320003.02,2.51
5320004.01,0.94
5320004.02,1.55
5320005.00,1.12
5320006.00,1.44
5320007.00,1.59
5320008.01,1.77
5320008.02,1.25
5320008.03,1.89
5320008.05,2.05
5320008.06,1.89
5320008.07,3.40
5320009.01,1.02
5320009.02,0.97
5320009.03,1.70
5320009.04,1.03
5320009.05,1.72
5320010.00,1.30
5320011.00,1.96
5320012.01,0.82
5320012.02,1.33
5320013.00,5.21
5320014.01,1.13
5320014.02,0.59
5320015.02,2.21
5320015.03,0.82
5320015.04,5.28
5320016.01,3.30
5320016.03,3.32
5320016.04,70.91
5320100.01,16.21
5320100.02,2.67
5320100.03,5.93
5320101.02,2.55
5320101.03,1.69
5320101.04,1.70
5320101.05,3.40
5320101.06,2.35
5320102.01,1.03
5320102.02,0.67
5320102.03,1.43
5320103.00,1.16
5320104.00,1.70
5320105.03,5.80
5320105.04,1.70
5320105.05,1.10
5320105.06,0.62
5320105.07,1.96
5320105.08,1.45
5320105.09,1.04
5320105.1,1.46
5320105.12,3.77
5320105.14,15.91
5320105.15,14.30
5320105.16,3.00
5320105.17,52.03
5320200.00,267.73
5320201.01,12.06
5320201.02,25.23
5320202.04,2.20
5320202.05,1.71
5320202.08,3.02
5320202.09,2.00
5320202.11,2.97
5320202.12,1.45
5320202.13,1.79
5320202.14,32.62
5320202.15,2.21
5320202.16,60.74
5320202.17,2.12
5320202.18,13.62
5320203.01,1.81
5320203.02,2.62
5320203.03,1.51
5320203.04,3.51
5320204.00,5.08
5320205.01,0.21
5320205.02,3.47
5320206.00,161.72
5350000.00,5905.84
5350001.00,6.10
5350002.00,3.17
5350003.00,0.91
5350004.00,0.34
5350005.00,0.38
5350006.00,0.01
5350007.01,0.20
5350007.02,0.44
5350008.01,0.30
5350008.02,1.86
5350009.00,0.10
5350010.01,0.26
5350010.02,0.55
5350011.00,0.98
5350012.01,0.42
5350012.03,0.47
5350012.04,0.23
5350013.01,0.34
5350013.02,0.42
5350014.00,0.47
5350015.00,0.29
5350016.00,0.65
5350017.00,1.34
5350018.00,0.35
5350019.00,0.25
5350020.00,0.74
5350021.00,0.87
5350022.00,0.55
5350023.00,0.69
5350024.00,0.71
5350025.00,0.53
5350026.00,0.78
5350027.00,0.49
5350028.01,0.21
5350028.02,0.46
5350029.00,0.67
5350030.00,0.38
5350031.00,0.26
5350032.00,0.42
5350033.00,0.32
5350034.01,0.12
5350034.02,0.40
5350035.00,0.66
5350036.00,0.38
5350037.00,0.45
5350038.00,0.37
5350039.00,0.32
5350040.00,0.37
5350041.00,0.32
5350042.00,0.49
5350043.00,0.55
5350044.00,0.49
5350045.00,0.30
5350046.00,0.42
5350047.02,0.29
5350047.03,0.12
5350047.04,0.27
5350048.00,0.34
5350049.00,0.46
5350050.01,1.28
5350050.03,1.70
5350050.04,0.76
5350051.00,0.69
5350052.00,0.50
5350053.00,0.68
5350054.00,0.70
5350055.00,0.28
5350056.00,0.51
5350057.00,0.27
5350058.00,0.38
5350059.00,0.37
5350060.00,0.27
5350061.00,0.77
5350062.01,0.11
5350062.02,0.59
5350063.03,0.09
5350063.04,0.14
5350063.05,0.13
5350063.06,0.19
5350064.00,0.19
5350065.01,0.09
5350065.02,0.14
5350066.00,0.33
5350067.00,0.65
5350068.00,0.42
5350069.00,0.86
5350070.00,0.44
5350071.00,0.46
5350072.01,0.41
5350072.02,0.54
5350073.00,0.36
5350074.00,0.40
5350075.00,0.50
5350076.00,0.46
5350077.00,0.61
5350078.00,0.78
5350079.00,1.02
5350080.01,0.47
5350080.02,0.39
5350081.00,0.37
5350082.00,0.31
5350083.00,0.45
5350084.00,0.41
5350085.00,0.49
5350086.00,1.14
5350087.00,1.60
5350088.00,0.23
5350089.00,0.33
5350090.00,0.39
5350091.01,0.51
5350091.02,0.33
5350092.00,0.63
5350093.00,0.62
5350094.00,0.64
5350095.00,0.32
5350096.01,0.20
5350096.02,0.35
5350097.01,0.38
5350097.03,0.17
5350097.04,0.32
5350098.00,0.72
5350099.00,0.58
5350100.00,0.29
5350101.00,0.43
5350102.02,0.12
5350102.03,0.13
5350102.04,0.10
5350102.05,0.12
5350103.00,0.84
5350104.00,0.74
5350105.00,0.55
5350106.00,1.37
5350107.00,0.72
5350108.00,0.74
5350109.00,0.63
5350110.00,0.55
5350111.00,0.46
5350112.00,0.50
5350113.00,0.38
5350114.00,0.62
5350115.00,0.38
5350116.00,0.68
5350117.00,0.39
5350118.00,0.69
5350119.00,0.85
5350120.00,0.26
5350121.00,0.30
5350122.00,0.53
5350123.00,0.08
5350124.00,0.56
5350125.00,1.12
5350126.00,1.45
5350127.00,0.74
5350128.02,0.52
5350128.04,0.16
5350128.05,0.18
5350128.06,0.09
5350129.00,0.93
5350130.00,1.28
5350131.00,1.04
5350132.00,0.92
5350133.00,0.67
5350134.00,0.42
5350135.00,0.72
5350136.01,0.19
5350136.02,0.21
5350137.00,0.91
5350138.00,0.97
5350139.01,0.77
5350139.02,0.51
5350140.00,0.57
5350141.01,0.55
5350141.02,0.69
5350142.00,1.04
5350150.00,1.07
5350151.00,0.63
5350152.00,0.85
5350153.00,0.93
5350154.00,2.10
5350155.00,0.81
5350156.01,0.61
5350156.02,0.59
5350157.00,0.46
5350158.00,0.64
5350159.01,0.49
5350159.02,0.58
5350160.00,0.73
5350161.00,0.81
5350162.00,0.58
5350163.00,0.45
5350164.00,0.63
5350165.00,0.48
5350166.00,0.79
5350167.01,0.13
5350167.02,0.60
5350168.00,0.57
5350169.01,0.38
5350169.02,0.44
5350170.00,1.01
5350171.00,0.61
5350172.00,1.21
5350173.00,0.60
5350174.00,1.05
5350175.01,0.79
5350175.02,0.71
5350176.00,1.00
5350180.00,0.61
5350181.01,0.57
5350181.02,0.60
5350182.00,0.76
5350183.01,0.52
5350183.02,0.43
5350184.01,0.47
5350184.02,0.56
5350185.01,0.50
5350185.02,1.20
5350186.00,1.86
5350187.00,1.20
5350188.00,0.55
5350189.00,1.24
5350190.01,0.40
5350190.02,0.58
5350191.00,0.82
5350192.00,0.92
5350193.00,1.38
5350194.01,0.22
5350194.02,0.35
5350194.03,0.25
5350194.04,2.29
5350195.01,0.95
5350195.02,0.38
5350196.01,0.38
5350196.02,1.11
5350200.01,0.53
5350200.02,0.14
5350201.00,0.75
5350202.00,0.34
5350203.00,0.59
5350204.00,0.74
5350205.00,0.73
5350206.01,1.11
5350206.02,1.09
5350207.00,0.67
5350208.00,1.29
5350209.00,0.69
5350210.01,2.96
5350210.02,0.91
5350211.00,3.27
5350212.00,1.68
5350213.01,0.94
5350213.02,6.99
5350214.00,2.82
5350215.00,2.60
5350216.00,1.98
5350217.00,1.21
5350218.00,0.68
5350219.00,1.36
5350220.00,1.30
5350221.01,1.62
5350221.02,0.81
5350222.01,1.29
5350222.02,1.20
5350223.01,0.87
5350223.02,0.87
5350224.00,1.04
5350225.01,0.93
5350225.02,0.30
5350226.00,0.95
5350227.00,0.49
5350228.00,0.82
5350229.00,0.32
5350230.01,1.45
5350230.02,0.99
5350231.00,3.03
5350232.00,2.05
5350233.00,2.08
5350234.00,2.12
5350235.01,1.41
5350235.02,1.08
5350236.01,0.99
5350236.02,3.95
5350237.01,1.19
5350237.02,0.96
5350237.03,1.07
5350238.01,1.04
5350238.02,0.98
5350239.00,2.53
5350240.01,1.27
5350240.02,1.05
5350241.00,1.09
5350242.00,0.61
5350243.01,0.32
5350243.02,1.22
5350244.01,1.43
5350244.02,1.43
5350245.00,1.42
5350246.00,1.07
5350247.01,17.29
5350247.02,3.23
5350248.02,1.21
5350248.03,3.73
5350248.04,1.48
5350248.05,1.12
5350249.01,0.83
5350249.03,2.96
5350249.04,0.69
5350249.05,0.64
5350250.01,1.38
5350250.02,1.93
5350250.04,0.48
5350250.05,0.67
5350260.01,0.72
5350260.04,0.19
5350260.05,0.25
5350260.06,0.93
5350260.07,0.34
5350261.00,1.91
5350262.01,0.67
5350262.02,2.14
5350263.02,2.01
5350263.03,1.56
5350263.04,0.67
5350264.00,3.47
5350265.00,2.68
5350266.00,2.76
5350267.00,2.71
5350268.00,3.03
5350269.01,0.74
5350269.02,1.74
5350270.01,1.12
5350270.02,0.76
5350271.01,0.89
5350271.02,0.71
5350272.01,0.46
5350272.02,1.00
5350273.01,3.19
5350273.02,1.29
5350274.01,1.52
5350274.02,1.33
5350275.00,1.98
5350276.01,1.23
5350276.02,1.28
5350277.00,1.03
5350278.00,1.33
5350279.01,1.21
5350279.02,1.58
5350280.00,2.14
5350281.01,0.96
5350281.02,0.42
5350282.00,2.22
5350283.01,0.93
5350283.02,1.17
5350284.00,1.41
5350285.00,1.11
5350286.00,3.25
5350287.02,1.06
5350287.03,0.48
5350287.04,0.59
5350288.00,2.63
5350289.00,1.30
5350290.01,0.94
5350290.02,0.35
5350291.02,1.15
5350291.03,0.42
5350291.04,0.52
5350292.00,3.74
5350293.00,1.99
5350294.01,0.86
5350294.02,1.03
5350295.00,1.08
5350296.00,4.64
5350297.01,1.14
5350297.02,1.51
5350298.00,2.27
5350299.01,2.89
5350299.02,0.16
5350300.00,1.03
5350301.01,0.90
5350301.03,0.27
5350301.04,1.43
5350302.01,1.23
5350302.02,1.08
5350302.03,0.69
5350303.00,1.06
5350304.01,0.25
5350304.02,1.21
5350304.03,0.97
5350304.04,0.23
5350304.05,0.70
5350304.06,0.75
5350305.01,2.42
5350305.03,0.71
5350305.04,1.00
5350306.01,1.17
5350306.02,1.12
5350307.03,0.11
5350307.04,0.15
5350307.05,0.10
5350307.06,0.10
5350307.07,1.22
5350308.02,1.42
5350308.03,0.40
5350308.04,1.09
5350309.00,0.74
5350310.01,1.42
5350310.02,2.14
5350311.02,0.89
5350311.03,0.80
5350311.04,0.96
5350311.05,0.35
5350311.06,10.23
5350312.02,0.52
5350312.03,1.49
5350312.04,0.73
5350312.05,0.35
5350312.06,0.46
5350312.07,0.62
5350313.00,2.86
5350314.01,0.43
5350314.02,1.07
5350315.01,1.47
5350315.02,0.43
5350315.03,6.01
5350316.01,1.77
5350316.03,0.40
5350316.04,0.47
5350316.05,0.41
5350316.06,0.41
5350317.02,0.43
5350317.03,1.19
5350317.04,0.72
5350317.05,0.50
5350318.00,1.91
5350319.00,1.20
5350320.01,0.74
5350320.02,0.85
5350321.01,1.26
5350321.02,1.22
5350322.01,0.21
5350322.02,1.41
5350323.01,1.03
5350323.02,1.85
5350324.01,1.18
5350324.02,1.89
5350324.03,2.17
5350324.05,0.66
5350324.06,0.66
5350330.00,2.19
5350331.01,1.52
5350331.03,0.51
5350331.04,1.06
5350332.00,1.53
5350333.00,2.40
5350334.00,2.38
5350335.00,2.23
5350336.00,1.63
5350337.01,0.20
5350337.02,0.62
5350338.00,1.65
5350339.00,1.82
5350340.00,1.28
5350341.02,0.78
5350341.03,0.41
5350341.04,0.67
5350342.00,1.23
5350343.00,1.10
5350344.01,1.06
5350344.02,0.22
5350345.00,0.79
5350346.01,1.52
5350346.02,0.40
5350347.00,1.50
5350348.00,2.32
5350349.00,0.88
5350350.00,3.36
5350351.01,0.97
5350351.02,0.57
5350352.00,1.13
5350353.02,1.21
5350353.03,0.41
5350353.04,0.63
5350354.00,1.33
5350355.02,1.11
5350355.04,0.58
5350355.05,0.31
5350355.06,0.19
5350356.00,1.55
5350357.01,1.05
5350357.02,1.11
5350358.01,1.11
5350358.02,0.62
5350358.03,1.10
5350359.00,2.24
5350360.00,4.52
5350361.01,2.93
5350361.02,2.46
5350362.01,2.48
5350362.02,1.94
5350362.03,3.26
5350362.04,1.35
5350363.02,1.20
5350363.04,1.13
5350363.05,0.50
5350363.06,0.83
5350363.07,2.28
5350364.01,2.91
5350364.02,0.74
5350365.00,1.57
5350366.00,1.44
5350367.01,0.71
5350367.02,1.03
5350368.01,0.89
5350368.02,1.57
5350369.00,2.47
5350370.01,1.77
5350370.02,2.27
5350370.03,0.86
5350371.00,3.72
5350372.00,1.33
5350373.00,0.96
5350374.01,1.19
5350374.02,0.80
5350374.03,0.81
5350375.01,0.95
5350375.02,0.61
5350375.03,0.81
5350375.04,0.92
5350375.05,1.13
5350376.01,1.05
5350376.02,0.85
5350376.04,1.19
5350376.05,1.29
5350376.06,2.19
5350376.08,0.88
5350376.09,0.80
5350376.11,0.47
5350376.12,0.91
5350376.13,0.51
5350376.14,0.74
5350376.15,0.92
5350376.16,0.27
5350377.01,2.06
5350377.02,1.91
5350377.03,0.65
5350377.04,0.88
5350377.06,0.51
5350377.07,0.76
5350378.02,1.06
5350378.03,2.21
5350378.04,1.28
5350378.05,0.73
5350378.06,1.79
5350378.07,2.80
5350378.08,0.89
5350378.11,0.96
5350378.12,0.78
5350378.14,0.93
5350378.16,0.63
5350378.17,0.47
5350378.18,0.09
5350378.19,4.50
5350378.2,0.11
5350378.21,0.70
5350378.22,0.53
5350378.23,1.53
5350378.24,2.53
5350378.25,4.77
5350378.26,1.63
5350378.27,20.00
5350378.28,2.22
5350400.02,1.67
5350400.03,0.80
5350400.04,3.29
5350400.06,0.94
5350400.07,1.57
5350400.08,1.75
5350400.11,1.67
5350400.12,1.73
5350400.13,1.28
5350400.14,1.05
5350400.15,2.14
5350400.16,2.22
5350400.17,0.60
5350400.18,0.30
5350400.19,2.49
5350400.2,5.24
5350400.21,3.53
5350400.22,14.80
5350400.23,4.27
5350401.04,0.74
5350401.05,8.21
5350401.06,1.76
5350401.07,1.75
5350401.08,1.44
5350401.09,2.21
5350401.1,4.05
5350401.11,1.12
5350401.13,0.99
5350401.14,2.35
5350401.15,1.11
5350401.17,1.11
5350401.18,6.16
5350401.19,1.67
5350401.2,0.63
5350401.21,0.47
5350401.22,2.22
5350401.23,1.76
5350402.01,1.97
5350402.02,1.71
5350402.03,1.54
5350402.04,2.84
5350402.05,1.42
5350402.06,1.80
5350402.07,1.29
5350402.08,1.81
5350402.09,1.56
5350402.1,1.03
5350402.12,4.21
5350402.13,3.17
5350403.01,4.13
5350403.04,2.09
5350403.05,4.13
5350403.07,2.33
5350403.09,0.85
5350403.1,1.19
5350403.11,2.09
5350403.12,2.50
5350403.13,1.56
5350403.14,2.20
5350403.15,13.78
5350403.16,60.07
5350410.02,0.80
5350410.03,1.88
5350410.04,0.78
5350410.05,4.39
5350410.07,0.88
5350410.09,1.24
5350410.1,0.51
5350410.11,0.79
5350410.12,0.88
5350410.13,3.51
5350410.14,1.16
5350410.15,0.76
5350411.01,1.86
5350411.04,1.49
5350411.07,1.75
5350411.08,29.65
5350411.09,1.40
5350411.12,1.29
5350411.15,1.41
5350411.16,35.82
5350411.17,4.12
5350411.18,2.85
5350411.19,4.20
5350411.21,2.16
5350411.22,1.35
5350411.23,1.13
5350411.24,1.17
5350411.25,0.94
5350411.26,1.02
5350411.27,1.14
5350411.28,0.92
5350411.29,1.99
5350411.3,1.61
5350412.01,4.35
5350412.02,6.11
5350412.04,7.01
5350412.06,1.05
5350412.08,0.93
5350412.1,1.96
5350412.11,26.99
5350412.12,1.03
5350412.13,2.57
5350412.14,2.19
5350412.15,4.49
5350412.18,6.77
5350412.19,2.83
5350412.2,1.29
5350412.21,3.92
5350412.22,2.06
5350412.24,1.90
5350412.25,1.58
5350412.26,0.81
5350413.01,70.39
5350413.02,6.47
5350420.03,2.29
5350420.05,4.40
5350420.06,1.67
5350420.08,0.87
5350420.09,0.58
5350420.1,3.28
5350420.11,2.78
5350420.13,1.88
5350420.14,0.93
5350420.15,0.93
5350421.01,4.44
5350421.04,0.70
5350421.05,1.02
5350421.06,1.06
5350421.07,1.56
5350422.02,1.87
5350422.03,3.60
5350422.04,0.86
5350422.05,1.57
5350422.06,1.84
5350423.01,1.74
5350423.02,2.65
5350424.04,1.37
5350424.05,2.27
5350424.07,2.07
5350424.08,2.33
5350424.09,2.13
5350424.1,2.75
5350424.11,4.22
5350424.13,26.00
5350424.14,4.95
5350424.15,6.92
5350424.16,3.59
5350430.03,3.16
5350430.05,2.15
5350430.06,1.90
5350430.07,9.58
5350430.08,6.71
5350431.01,48.88
5350431.02,133.85
5350440.00,22.41
5350441.02,1.55
5350441.03,3.04
5350441.04,4.57
5350442.02,1.60
5350442.03,4.01
5350442.04,1.48
5350442.05,3.53
5350442.06,7.65
5350450.02,1.44
5350450.03,5.09
5350450.05,2.98
5350450.06,3.35
5350451.01,1.03
5350451.02,1.99
5350451.03,2.52
5350451.05,2.55
5350451.06,1.93
5350451.07,3.50
5350452.01,1.42
5350452.02,1.44
5350452.03,3.74
5350452.05,2.33
5350452.06,1.18
5350452.07,1.97
5350455.00,127.15
5350456.01,61.81
5350456.02,18.27
5350456.03,37.82
5350460.01,25.93
5350460.02,113.60
5350461.01,16.51
5350461.02,177.20
5350470.00,33.85
5350471.00,171.16
5350472.00,10.18
5350473.01,3.80
5350473.02,3.18
5350473.03,2.07
5350474.00,30.35
5350475.00,13.17
5350476.01,14.55
5350476.02,19.99
5350480.01,3.46
5350480.02,3.56
5350481.01,3.90
5350481.02,3.10
5350482.00,187.01
5350483.01,9.89
5350483.02,65.23
5350484.02,93.82
5350484.03,10.35
5350484.04,79.70
5350485.01,8.71
5350485.02,6.51
5350500.01,0.79
5350500.02,3.16
5350501.01,8.80
5350501.02,4.00
5350502.01,1.17
5350502.02,0.69
5350503.00,1.67
5350504.00,1.38
5350505.01,2.76
5350505.02,3.82
5350506.00,1.85
5350507.00,2.06
5350508.00,1.31
5350509.01,1.95
5350509.02,2.92
5350510.00,6.32
5350511.01,0.45
5350511.02,1.40
5350512.00,2.05
5350513.01,3.50
5350513.02,1.10
5350513.03,1.07
5350513.04,1.36
5350514.01,3.36
5350514.02,1.93
5350515.01,2.75
5350515.02,1.41
5350516.01,1.45
5350516.02,1.74
5350516.03,1.12
5350516.04,1.03
5350516.05,1.17
5350516.06,0.91
5350516.08,1.33
5350516.09,2.38
5350516.11,2.18
5350516.16,2.94
5350516.17,1.08
5350516.18,1.16
5350516.2,1.32
5350516.21,1.35
5350516.22,1.68
5350516.23,1.32
5350516.24,2.83
5350516.25,2.82
5350516.26,1.49
5350516.28,0.92
5350516.29,0.75
5350516.3,2.41
5350516.31,1.43
5350516.32,1.04
5350516.37,1.15
5350516.38,1.58
5350516.39,3.49
5350516.4,1.32
5350516.41,0.67
5350516.42,1.68
5350516.43,1.27
5350516.44,1.28
5350516.46,1.23
5350516.47,1.17
5350516.48,0.91
5350516.49,1.49
5350517.00,1.23
5350518.00,0.74
5350519.00,1.11
5350520.01,2.62
5350520.02,1.64
5350520.05,0.57
5350520.07,0.34
5350520.08,1.11
5350520.09,0.27
5350520.1,0.48
5350521.01,0.20
5350521.02,0.86
5350521.03,0.63
5350521.04,1.28
5350521.05,0.75
5350521.06,0.62
5350522.00,1.75
5350523.00,1.18
5350524.01,0.81
5350524.02,0.63
5350525.01,0.52
5350525.02,1.80
5350526.01,0.76
5350526.02,0.81
5350527.01,2.46
5350527.02,1.16
5350527.03,1.30
5350527.04,1.67
5350527.05,1.66
5350527.06,1.06
5350527.07,1.30
5350527.08,1.21
5350527.09,1.90
5350528.01,1.31
5350528.02,1.54
5350528.1,1.52
5350528.11,0.21
5350528.12,1.44
5350528.13,1.44
5350528.15,0.89
5350528.16,0.87
5350528.18,1.55
5350528.19,0.77
5350528.2,3.26
5350528.21,1.39
5350528.22,1.38
5350528.24,4.66
5350528.25,1.23
5350528.26,0.62
5350528.31,0.82
5350528.32,1.95
5350528.33,2.51
5350528.34,3.34
5350528.35,15.05
5350528.36,1.11
5350528.37,8.54
5350528.39,5.93
5350528.4,3.45
5350528.41,55.78
5350528.42,1.16
5350528.43,0.72
5350528.44,0.68
5350528.45,0.98
5350528.46,0.89
5350528.47,1.61
5350528.48,2.29
5350528.49,1.73
5350529.01,1.00
5350529.02,0.79
5350530.01,0.84
5350530.02,0.40
5350531.01,0.67
5350531.02,1.34
5350532.01,0.83
5350532.02,0.69
5350540.01,1.55
5350540.02,1.08
5350550.01,7.56
5350550.02,3.00
5350560.00,4.14
5350561.00,4.65
5350562.02,2.05
5350562.03,1.07
5350562.04,1.05
5350562.05,1.29
5350562.06,0.83
5350562.07,1.11
5350562.08,1.04
5350562.09,1.00
5350562.11,0.77
5350562.12,0.92
5350562.13,5.97
5350562.14,0.99
5350562.15,0.97
5350563.01,0.86
5350563.02,1.01
5350564.01,0.84
5350564.02,0.92
5350570.01,8.14
5350570.02,1.31
5350571.01,0.73
5350571.02,1.36
5350572.01,2.10
5350572.04,0.80
5350572.05,0.82
5350572.07,1.19
5350572.08,0.86
5350572.09,1.69
5350572.1,0.48
5350573.03,1.39
5350573.05,1.39
5350573.06,0.83
5350573.07,1.54
5350573.09,1.38
5350573.1,0.80
5350573.11,0.68
5350574.00,1.99
5350575.01,1.21
5350575.02,1.00
5350575.03,1.08
5350575.04,1.57
5350575.05,1.56
5350575.07,0.74
5350575.08,1.00
5350576.04,3.24
5350576.05,1.53
5350576.06,2.23
5350576.07,3.55
5350576.09,1.87
5350576.1,5.87
5350576.16,0.99
5350576.17,1.18
5350576.2,0.97
5350576.22,1.74
5350576.24,27.04
5350576.29,0.73
5350576.31,1.62
5350576.32,1.72
5350576.33,0.76
5350576.34,1.80
5350576.4,29.19
5350576.41,1.19
5350576.42,1.91
5350576.43,1.40
5350576.44,0.87
5350576.45,0.55
5350576.46,0.68
5350576.47,1.54
5350576.49,0.76
5350576.5,1.22
5350576.52,0.90
5350576.53,0.83
5350576.54,2.59
5350576.55,1.13
5350576.56,1.19
5350576.57,2.96
5350576.58,2.79
5350576.59,0.93
5350576.6,1.78
5350576.61,2.02
5350576.62,1.19
5350576.63,2.32
5350576.64,1.83
5350576.65,1.49
5350576.66,2.94
5350576.67,1.24
5350576.68,1.11
5350576.69,1.59
5350576.7,23.28
5350576.71,7.87
5350576.72,22.61
5350585.02,76.89
5350585.03,8.18
5350585.05,4.07
5350585.07,98.94
5350585.08,42.76
5350585.09,2.51
5350585.1,1.95
5350586.01,84.23
5350586.02,85.50
5350587.01,131.27
5350587.02,151.88
5350590.00,1.87
5350591.01,3.14
5350591.02,2.96
5350592.01,3.92
5350592.02,3.73
5350593.00,277.83
5350600.01,4.95
5350600.02,5.35
5350601.00,3.21
5350602.00,3.97
5350603.00,1.16
5350604.00,0.86
5350605.00,1.51
5350606.00,3.39
5350607.00,3.24
5350608.00,1.41
5350609.00,2.15
5350610.02,3.23
5350610.03,1.16
5350610.04,0.99
5350611.00,4.92
5350612.01,8.02
5350612.03,4.15
5350612.05,3.27
5350612.08,1.66
5350612.1,4.20
5350612.11,2.44
5350612.12,1.80
5350612.13,1.21
5350612.14,2.12
5350612.15,4.06
5350612.18,1.58
5350612.19,1.01
5350612.2,1.05
5350612.21,1.36
5350612.22,1.44
5350612.23,1.34
5350612.24,2.61
5350612.25,1.59
5350612.26,1.14
5350612.27,1.57
5350613.01,1.90
5350613.03,1.75
5350613.04,1.33
5350614.01,1.59
5350614.02,3.07
5350615.00,40.14
5350620.01,2.51
5350620.05,1.04
5350620.06,1.13
5350620.07,0.97
5350620.08,1.38
5350620.09,0.94
5350620.1,2.50
5350620.11,4.55
5350620.12,8.47
5350620.13,126.33
5350621.00,2.54
5350622.00,2.63
5350623.00,1.49
5350624.00,1.72
5350625.00,15.13
5350626.00,189.88
5350630.00,110.26
5350631.02,2.40
5350631.03,1.65
5350631.04,1.61
5350632.00,2.05
5350633.00,3.67
5350634.01,2.98
5350634.02,1.44
5350635.00,2.90
5350636.00,1.56
5350637.00,128.97
5350638.00,6.43
5350639.00,10.35
5350800.01,1.07
5350800.02,10.51
5350801.01,1.45
5350801.02,3.85
5350802.01,2.18
5350802.02,2.26
5350803.03,2.96
5350803.04,2.79
5350803.05,2.46
5350803.06,1.56
5350804.01,3.06
5350804.05,3.06
5350804.06,0.82
5350804.07,0.91
5350804.08,2.49
5350804.1,1.50
5350804.11,1.69
5350804.12,7.53
5350804.13,1.92
5350805.04,7.00
5350805.06,1.48
5350805.09,1.12
5350805.1,1.18
5350805.12,12.69
5350805.14,7.78
5350805.15,8.33
5350805.16,2.06
5350805.17,1.25
5350805.18,0.76
5350805.19,0.30
5350805.2,1.72
5350805.21,2.30
5350806.00,62.46
5350807.00,119.47
5350810.01,0.61
5350810.02,0.78
5350810.03,1.07
5350810.04,2.54
5350810.05,3.34
5350811.00,3.56
5350812.00,1.55
5350820.03,1.16
5350820.04,0.47
5350820.05,1.01
5350820.06,1.63
5350820.07,1.33
5350830.00,186.55
5350831.01,12.10
5350831.02,17.59
5350832.00,204.71
5370000.00,1371.89
5370001.01,5.52
5370001.02,1.29
5370001.04,1.70
5370001.05,1.55
5370001.06,1.48
5370001.07,0.76
5370001.08,1.64
5370001.09,1.97
5370002.01,1.48
5370002.03,0.77
5370002.04,0.98
5370002.05,1.96
5370002.06,2.67
5370003.01,1.22
5370003.02,0.87
5370003.03,0.73
5370003.04,1.74
5370004.01,0.98
5370004.02,1.00
5370005.01,1.85
5370005.02,0.95
5370005.03,0.94
5370006.00,2.20
5370007.00,0.86
5370008.00,0.80
5370009.00,0.86
5370010.00,0.91
5370011.00,0.85
5370012.00,0.43
5370013.00,1.55
5370014.00,1.18
5370015.00,0.62
5370016.00,0.46
5370017.00,2.64
5370018.00,0.38
5370019.00,1.20
5370020.00,1.09
5370021.00,1.05
5370022.00,0.92
5370023.00,0.83
5370024.00,0.80
5370025.00,2.26
5370026.01,0.95
5370026.02,0.62
5370026.03,0.97
5370026.04,1.00
5370026.05,2.74
5370026.06,1.17
5370027.00,0.55
5370028.00,0.72
5370029.00,1.01
5370030.00,1.05
5370031.00,0.96
5370032.00,0.74
5370033.00,0.70
5370034.00,0.92
5370035.00,0.44
5370036.00,0.36
5370037.00,0.32
5370038.00,0.33
5370039.00,0.35
5370040.00,0.34
5370041.00,0.41
5370042.00,1.51
5370043.00,1.88
5370044.00,1.16
5370045.00,3.16
5370046.00,1.22
5370047.00,1.23
5370048.00,0.37
5370049.00,0.45
5370050.00,0.55
5370051.00,0.55
5370052.00,0.53
5370053.00,0.50
5370054.00,0.48
5370055.00,0.54
5370056.00,1.15
5370057.00,0.61
5370058.00,0.70
5370059.00,0.72
5370060.00,0.67
5370061.00,0.60
5370062.00,0.59
5370063.00,0.57
5370064.00,0.57
5370065.00,1.75
5370066.00,1.46
5370067.00,2.37
5370068.00,4.95
5370069.00,5.53
5370070.00,2.37
5370071.00,1.89
5370072.01,4.59
5370072.02,1.40
5370072.03,0.70
5370072.04,0.90
5370073.00,1.82
5370080.01,54.92
5370080.03,4.78
5370080.05,3.44
5370080.06,2.16
5370080.07,1.42
5370081.00,0.98
5370082.00,1.15
5370083.00,0.86
5370084.01,1.00
5370084.02,1.00
5370084.03,0.96
5370084.04,2.47
5370084.05,0.92
5370085.01,2.56
5370085.02,1.73
5370085.03,8.02
5370086.00,11.88
5370100.01,33.23
5370100.02,77.55
5370101.01,27.69
5370101.02,65.06
5370120.02,76.94
5370120.03,2.31
5370120.04,3.28
5370121.00,63.23
5370122.01,2.83
5370122.02,6.00
5370123.00,7.44
5370124.00,14.60
5370130.02,2.62
5370130.03,2.08
5370131.00,11.07
5370132.00,1.10
5370133.01,4.07
5370133.02,2.37
5370140.02,10.22
5370140.03,6.86
5370140.04,3.03
5370141.00,37.94
5370142.01,122.17
5370142.02,137.49
5370143.00,78.31
5370144.01,60.89
5370144.02,34.03
5370200.00,16.16
5370201.00,6.17
5370202.00,3.00
5370203.00,1.96
5370204.00,1.82
5370205.01,1.60
5370205.02,1.21
5370206.00,1.13
5370207.01,5.20
5370207.02,1.64
5370207.03,1.57
5370207.04,0.74
5370208.00,1.72
5370209.00,0.78
5370210.00,1.19
5370211.00,1.75
5370212.00,0.50
5370213.00,0.80
5370214.00,1.08
5370215.00,0.73
5370216.00,2.18
5370217.01,2.19
5370217.02,2.18
5370218.00,4.37
5370219.00,2.37
5370220.00,1.80
5370221.00,1.14
5370222.01,1.93
5370222.02,1.41
5370222.03,1.01
5370223.01,1.62
5370223.02,2.49
5370223.05,0.98
5370223.06,1.44
5370223.07,1.21
5370223.09,2.85
5370223.1,1.25
5370223.12,8.35
5370223.13,1.81
5370223.14,1.58
5370223.15,0.73
5370223.16,0.58
5370224.01,6.11
5370224.02,83.33
5370300.00,46.00
5370301.00,11.11
5370302.00,3.70
5370303.01,1.84
5370303.02,6.28
5390000.00,1397.49
5390001.00,2.80
5390002.00,8.09
5390003.01,1.86
5390003.02,3.90
5390004.01,1.66
5390004.02,4.20
5390005.00,1.27
5390006.00,2.30
5390007.01,2.42
5390007.02,4.19
5390008.00,2.32
5390009.00,2.21
5390010.00,1.16
5390011.00,2.61
5390012.01,1.55
5390012.02,2.03
5390013.01,1.39
5390013.02,3.10
5390014.01,1.28
5390014.02,2.03
5390014.03,1.14
5390015.00,2.55
5390016.01,1.86
5390016.02,2.18
5390017.01,1.90
5390017.02,1.69
5390018.01,1.68
5390018.02,2.12
5390018.03,2.00
5390019.00,11.44
5390020.00,15.19
5390100.00,1.44
5390101.00,2.45
5390102.01,5.25
5390102.02,26.31
5390102.03,47.54
5390110.00,7.80
5390111.00,50.72
5390112.00,74.29
5390200.00,108.32
5390201.00,7.25
5390202.00,16.43
5390203.01,2.73
5390203.02,2.04
5390204.00,3.10
5390205.00,2.11
5390206.00,1.54
5390207.00,3.05
5390208.00,3.91
5390209.03,2.71
5390209.04,2.27
5390209.05,2.79
5390209.06,1.73
5390210.00,38.54
5390211.00,2.14
5390212.00,0.86
5390213.00,1.67
5390214.00,2.36
5390215.00,4.18
5390220.01,6.80
5390220.02,8.93
5390221.00,110.70
5390230.00,217.31
5390240.00,50.26
5390241.00,81.16
5390242.01,13.55
5390242.02,17.84
5390300.00,8.79
5390301.00,4.80
5390302.00,3.15
5390303.00,32.94
5390304.00,2.12
5390305.00,0.93
5390306.00,0.85
5390307.00,2.14
5390308.00,7.04
5390309.00,1.24
5390310.01,1.44
5390310.02,5.49
5390311.02,4.73
5390311.03,4.04
5390311.04,1.34
5390320.00,5.68
5390321.00,3.18
5390322.00,2.69
5390323.00,15.54
5390324.00,94.87
5390330.00,3.26
5390331.01,12.37
5390331.02,4.67
5390332.00,27.61
5390333.00,72.30
5390334.01,26.25
5390334.02,19.81
5410000.00,1091.16
5410001.01,4.64
5410001.03,2.82
5410001.04,7.00
5410002.01,5.50
5410002.02,1.94
5410002.03,1.08
5410002.04,1.04
5410002.06,0.91
5410002.07,2.05
5410002.09,2.65
5410002.1,3.02
5410002.11,24.88
5410003.00,6.29
5410004.01,3.33
5410004.02,2.84
5410005.00,1.50
5410006.00,1.18
5410007.00,2.37
5410008.01,2.23
5410008.02,1.22
5410008.04,1.74
5410008.05,0.90
5410008.06,1.06
5410009.01,1.40
5410009.02,1.28
5410009.04,3.83
5410009.05,1.45
5410010.00,1.49
5410011.00,1.70
5410012.00,0.78
5410013.00,1.49
5410014.02,1.62
5410014.03,4.04
5410014.04,1.51
5410014.06,1.89
5410014.07,4.05
5410015.00,2.01
5410016.00,1.45
5410017.00,0.67
5410018.00,1.12
5410019.00,1.76
5410020.00,0.84
5410021.00,1.50
5410022.00,4.72
5410023.00,1.36
5410024.00,5.67
5410025.00,6.96
5410100.00,2.46
5410101.01,1.51
5410101.02,3.82
5410101.03,1.92
5410101.04,1.67
5410102.00,1.13
5410103.00,1.39
5410104.00,2.64
5410105.00,0.66
5410106.01,1.56
5410106.02,1.70
5410106.03,2.90
5410107.01,2.08
5410107.02,4.05
5410108.02,2.96
5410108.03,6.87
5410108.04,1.39
5410109.01,1.73
5410109.02,1.89
5410109.05,2.72
5410109.07,4.75
5410109.08,4.84
5410109.09,5.78
5410109.1,1.59
5410110.00,99.51
5410111.03,16.57
5410111.04,19.70
5410111.05,65.09
5410111.07,108.61
5410111.08,16.67
5410120.01,3.01
5410120.02,1.90
5410121.00,2.50
5410122.01,2.53
5410122.02,1.31
5410123.01,3.11
5410123.02,2.36
5410124.00,1.14
5410125.00,9.70
5410126.01,3.35
5410126.02,1.38
5410126.05,5.34
5410126.06,4.58
5410126.07,6.86
5410126.08,1.22
5410126.09,0.85
5410127.01,2.34
5410127.02,4.12
5410128.00,0.53
5410129.01,7.41
5410129.02,1.84
5410130.00,37.31
5410131.01,3.27
5410131.03,2.07
5410131.05,1.55
5410131.06,1.42
5410140.01,173.35
5410140.02,14.08
5410151.00,222.78
5410152.00,25.43
5410153.00,15.58
5430000.00,1073.15
5430001.00,7.70
5430002.01,6.13
5430002.02,3.67
5430002.03,4.32
5430003.00,3.53
5430004.00,10.76
5430005.00,1.57
5430006.00,0.50
5430007.00,0.77
5430008.00,1.55
5430009.00,2.69
5430010.00,1.60
5430011.01,7.26
5430011.02,4.44
5430011.03,1.47
5430012.00,2.57
5430013.00,2.47
5430014.01,2.93
5430014.02,3.31
5430014.03,1.71
5430014.04,1.49
5430100.00,86.78
5430101.00,107.83
5430102.00,40.89
5430110.01,5.87
5430110.02,8.29
5430200.00,86.36
5430201.00,184.20
5430202.00,323.03
5430203.00,157.46
5500000.00,593.51
5500001.02,6.67
5500001.03,5.09
5500001.05,1.86
5500001.06,10.91
5500001.07,1.36
5500001.08,4.24
5500001.09,7.27
5500002.00,2.36
5500003.00,1.92
5500004.01,2.28
5500004.02,2.37
5500004.03,7.72
5500005.00,2.03
5500006.00,0.60
5500007.00,1.29
5500008.00,1.47
5500009.03,1.76
5500009.04,1.84
5500009.05,2.12
5500009.06,1.75
5500010.01,0.99
5500010.02,1.07
5500011.00,2.10
5500012.00,1.87
5500013.01,1.60
5500013.02,3.52
5500014.00,145.28
5500015.00,9.17
5500100.00,146.39
5500101.00,214.62
5550000.00,2662.40
5550001.02,9.64
5550001.03,1.03
5550001.05,1.08
5550001.06,1.15
5550001.07,1.69
5550001.08,1.25
5550002.01,0.76
5550002.02,1.09
5550002.03,2.60
5550002.04,0.56
5550003.00,0.83
5550004.01,1.54
5550004.03,1.80
5550004.04,0.99
5550005.01,1.92
5550005.02,1.03
5550005.03,1.34
5550006.01,1.05
5550006.02,3.57
5550006.04,4.10
5550006.05,1.56
5550007.01,7.30
5550007.02,2.58
5550008.00,6.45
5550009.01,1.35
5550009.02,4.00
5550010.01,0.84
5550010.02,2.18
5550011.00,1.68
5550012.00,2.05
5550013.00,2.14
5550014.00,1.48
5550015.00,0.83
5550016.00,0.63
5550017.00,0.77
5550018.00,1.54
5550019.00,0.95
5550020.01,1.66
5550020.02,3.62
5550021.00,2.02
5550022.00,1.91
5550023.00,1.14
5550024.00,1.65
5550025.00,2.02
5550026.00,4.42
5550027.03,1.12
5550027.04,1.15
5550027.05,23.77
5550027.06,1.46
5550027.07,5.61
5550028.00,1.73
5550029.00,1.29
5550030.00,1.52
5550031.00,1.52
5550032.00,0.97
5550033.00,1.09
5550034.00,1.33
5550035.00,0.84
5550036.00,2.80
5550037.00,2.12
5550038.00,3.37
5550039.00,1.33
5550040.00,0.88
5550041.00,1.16
5550042.00,1.34
5550043.00,1.78
5550044.01,3.40
5550044.02,2.17
5550044.04,0.53
5550044.05,2.85
5550044.06,2.10
5550044.07,0.97
5550045.00,1.73
5550046.00,1.50
5550047.00,1.65
5550048.00,1.47
5550049.01,6.41
5550049.02,3.42
5550050.01,3.40
5550050.02,2.41
5550050.03,1.69
5550051.00,3.33
5550100.01,154.47
5550100.02,75.97
5550110.01,13.96
5550110.02,177.86
5550120.01,99.38
5550120.02,195.93
5550120.03,35.54
5550130.00,203.55
5550140.00,95.81
5550150.00,196.99
5550200.00,11.19
5550201.00,1.54
5550202.00,1.25
5550203.00,1.45
5550204.01,2.81
5550204.02,3.48
5550205.00,1.16
5550206.00,4.64
5550207.00,8.10
5550210.00,108.88
5550220.00,171.45
5550230.00,301.74
5550231.00,9.06
5550232.00,4.19
5550233.00,2.27
5550234.00,255.25
5550300.00,331.46
5590000.00,1022.30
5590001.00,4.34
5590002.01,4.30
5590002.02,2.66
5590003.01,4.47
5590003.02,4.23
5590004.00,3.45
5590005.00,2.22
5590006.00,2.02
5590007.00,3.80
5590008.00,8.81
5590009.00,4.09
5590010.00,4.76
5590011.01,2.65
5590011.02,2.48
5590012.00,2.89
5590013.00,1.08
5590014.00,1.01
5590015.00,2.67
5590016.00,2.30
5590017.00,3.24
5590018.02,4.67
5590018.03,1.48
5590018.04,2.36
5590019.01,1.88
5590019.03,4.17
5590019.04,2.11
5590019.05,1.83
5590020.00,2.95
5590021.00,1.56
5590022.00,1.18
5590023.00,1.27
5590024.00,1.05
5590025.00,1.12
5590026.00,0.99
5590027.00,0.84
5590028.00,1.74
5590029.00,1.19
5590030.00,0.87
5590031.00,0.43
5590032.00,0.83
5590033.00,0.98
5590034.00,0.81
5590035.00,1.01
5590036.00,0.63
5590037.00,1.05
5590038.00,1.00
5590039.00,1.68
5590040.00,1.20
5590041.00,2.81
5590042.00,2.48
5590043.01,1.47
5590043.02,4.02
5590100.01,4.48
5590100.02,3.64
5590101.01,3.09
5590101.03,2.78
5590101.04,6.83
5590102.00,44.53
5590110.00,110.66
5590120.01,3.16
5590120.02,3.31
5590120.03,2.78
5590130.01,12.04
5590130.02,15.76
5590140.00,156.29
5590160.01,137.58
5590160.02,3.18
5590170.01,19.24
5590170.02,74.84
5590171.00,205.47
5590172.00,80.63
5590173.00,7.97
5590174.00,2.94
5620000.00,1118.65
5620001.01,12.57
5620001.02,14.63
5620002.00,1.07
5620003.00,2.34
5620004.00,1.47
5620005.00,1.34
5620006.00,1.09
5620007.00,1.12
5620008.00,0.90
5620009.00,1.98
5620010.00,1.86
5620011.00,1.81
5620012.00,1.51
5620013.00,2.87
5620100.00,3.28
5620101.01,3.59
5620101.02,11.41
5620101.03,11.06
5620102.01,2.53
5620102.02,3.73
5620102.03,2.04
5620102.04,96.51
5620110.01,15.18
5620110.02,17.77
5620110.03,586.22
5620120.00,318.78
5680000.00,898.02
5680001.01,3.87
5680001.02,2.63
5680001.04,3.09
5680001.05,1.27
5680001.06,1.61
5680001.07,2.16
5680002.00,7.93
5680003.00,5.87
5680004.01,1.69
5680004.03,1.57
5680004.04,2.35
5680004.05,4.86
5680004.06,3.40
5680004.07,0.90
5680005.00,3.53
5680006.00,1.49
5680007.00,2.71
5680008.00,5.39
5680009.00,1.84
5680010.00,1.16
5680011.01,2.49
5680011.02,1.69
5680012.01,1.20
5680012.02,1.82
5680013.00,2.28
5680014.00,2.10
5680015.01,1.68
5680015.02,0.79
5680015.03,1.07
5680016.00,2.98
5680100.00,20.07
5680101.00,171.00
5680102.01,19.11
5680102.02,8.66
5680102.03,22.67
5680102.04,12.98
5680103.01,10.64
5680103.02,7.31
5680104.00,11.92
5680200.00,68.93
5680201.00,184.74
5680202.00,282.60
5750000.00,5369.04
5750001.00,37.67
5750002.00,8.93
5750003.00,1.67
5750004.00,1.14
5750005.00,0.86
5750006.00,1.00
5750007.00,0.72
5750008.00,1.63
5750009.00,0.85
5750010.00,0.91
5750011.00,3.00
5750012.00,6.73
5750013.00,208.98
5750014.00,20.19
5750015.00,1.28
5750016.00,20.95
5750017.00,2.61
5750100.00,105.98
5750101.00,155.17
5750110.00,208.38
5750120.00,3755.32
5750130.00,206.73
5750200.00,393.80
5750300.00,224.56
5800000.00,3924.48
5800001.01,29.13
5800001.02,1.20
5800001.03,206.46
5800001.05,54.25
5800001.06,13.84
5800002.00,3.05
5800003.00,2.13
5800004.00,2.64
5800005.00,1.48
5800006.00,4.97
5800007.00,13.34
5800008.00,12.75
5800009.00,6.51
5800010.00,1.77
5800011.00,0.86
5800012.00,2.08
5800013.00,25.66
5800014.00,3.22
5800015.00,1.93
5800016.01,5.50
5800016.02,2.13
5800017.01,3.13
5800017.02,5.66
5800100.00,12.82
5800101.00,9.13
5800102.00,356.44
5800110.00,6.74
5800130.00,4.88
5800131.00,109.90
5800132.01,594.67
5800132.02,172.68
5800140.00,239.56
5800160.00,24.41
5800161.01,3.96
5800161.02,9.26
5800162.00,281.75
5800190.00,542.87
5800191.00,29.16
5800192.00,10.95
5800193.01,4.87
5800193.02,5.28
5800193.03,5.19
5800194.01,10.67
5800194.02,572.81
5800200.00,512.78
5900000.00,805.60
5900001.01,1.71
5900001.02,5.80
5900002.00,1.04
5900003.00,1.72
5900004.00,3.65
5900005.00,1.41
5900006.00,1.58
5900007.00,1.74
5900008.00,7.11
5900009.00,111.24
5900010.00,3.91
5900011.00,7.71
5900012.00,1.11
5900013.00,1.14
5900014.00,1.38
5900015.00,3.71
5900016.00,2.98
5900017.00,4.60
5900018.01,9.05
5900018.02,50.66
5900100.01,214.97
5900100.02,15.55
5900101.00,266.53
5900102.00,85.30
5950000.00,2556.81
5950001.00,17.84
5950002.00,1.74
5950003.00,5.27
5950004.00,2.47
5950005.00,1.72
5950006.00,0.41
5950007.00,1.48
5950008.00,2.10
5950009.01,1.26
5950009.02,1.80
5950010.01,5.79
5950010.02,1.32
5950011.01,2.05
5950011.02,1.72
5950011.03,4.57
5950012.00,1.15
5950013.00,1.18
5950014.00,1.46
5950015.00,1.26
5950016.00,1.32
5950017.00,1.63
5950018.00,3.47
5950019.00,2.40
5950020.00,1.58
5950021.00,9.60
5950022.03,1.44
5950022.04,2.60
5950022.05,73.55
5950022.06,86.34
5950023.01,32.60
5950023.02,55.21
5950100.03,359.39
5950100.04,362.49
5950100.05,58.31
5950100.06,877.27
5950101.00,570.99
6020000.00,5306.79
6020001.00,1.83
6020002.00,1.86
6020003.00,1.41
6020004.01,1.12
6020004.02,2.26
6020005.00,2.34
6020006.00,2.27
6020007.00,3.24
6020008.00,1.12
6020009.00,0.98
6020010.00,1.77
6020011.00,0.62
6020012.00,0.82
6020013.00,1.00
6020014.00,0.69
6020015.00,0.97
6020016.00,0.47
6020017.00,0.61
6020018.00,0.84
6020019.00,1.69
6020020.00,0.68
6020021.00,0.85
6020022.00,0.57
6020023.00,0.44
6020024.00,0.99
6020025.00,1.05
6020026.00,0.58
6020027.00,0.60
6020028.00,0.57
6020029.00,0.70
6020030.00,1.00
6020031.00,2.59
6020032.00,2.18
6020033.00,0.95
6020034.00,0.76
6020035.00,0.52
6020036.00,0.55
6020037.00,2.24
6020038.00,1.35
6020039.00,0.93
6020040.00,0.58
6020041.00,1.03
6020042.00,0.48
6020043.00,1.26
6020044.00,1.01
6020045.00,1.05
6020046.00,0.50
6020047.00,1.10
6020048.00,1.09
6020049.00,0.96
6020050.01,3.82
6020050.02,2.35
6020051.01,8.91
6020051.02,2.60
6020051.03,1.35
6020052.00,0.86
6020100.01,2.41
6020100.02,32.77
6020100.05,1.39
6020100.06,2.31
6020100.07,1.41
6020100.08,4.60
6020101.01,3.12
6020101.02,2.25
6020102.01,2.09
6020102.02,1.12
6020102.03,0.69
6020102.04,1.44
6020103.00,1.58
6020104.00,1.31
6020105.00,1.05
6020110.01,15.34
6020110.02,3.10
6020110.04,5.02
6020110.06,2.55
6020110.07,9.61
6020111.00,1.51
6020112.01,1.20
6020112.02,2.29
6020113.00,1.24
6020114.00,0.85
6020115.00,1.12
6020116.00,1.64
6020117.00,1.79
6020120.01,12.83
6020120.02,3.62
6020120.03,2.45
6020121.00,0.80
6020122.01,1.58
6020122.02,1.65
6020123.00,1.61
6020130.01,1.62
6020130.02,1.13
6020131.00,1.37
6020132.00,1.07
6020133.00,1.36
6020134.00,2.08
6020140.01,1.59
6020140.02,3.70
6020140.03,12.01
6020141.01,0.88
6020141.02,1.09
6020142.01,1.70
6020142.02,2.12
6020142.03,0.77
6020142.04,0.82
6020150.01,24.20
6020150.02,17.79
6020160.00,132.60
6020161.01,55.13
6020161.02,597.51
6020500.01,5.25
6020500.02,27.68
6020500.04,2.33
6020500.06,16.41
6020500.07,1.61
6020500.08,1.69
6020500.09,1.53
6020501.01,1.12
6020501.02,5.63
6020501.03,2.27
6020502.00,2.31
6020503.00,2.29
6020510.02,7.27
6020510.03,8.52
6020510.06,2.25
6020520.02,0.98
6020520.03,3.12
6020520.04,107.27
6020520.05,27.00
6020521.01,3.46
6020521.02,2.71
6020522.01,2.77
6020522.02,2.76
6020530.00,0.72
6020531.00,1.60
6020532.00,1.02
6020533.00,1.74
6020534.00,1.04
6020535.00,1.41
6020536.00,4.27
6020537.01,1.95
6020537.02,1.09
6020537.03,1.06
6020538.00,1.54
6020539.01,18.63
6020539.02,1.28
6020540.01,0.81
6020540.02,1.10
6020540.03,1.67
6020540.04,0.78
6020541.00,13.03
6020542.00,4.01
6020550.00,0.92
6020551.00,1.67
6020552.01,2.09
6020552.02,1.03
6020553.00,1.30
6020560.01,1.34
6020560.02,1.75
6020560.04,1.43
6020560.05,0.83
6020560.06,17.27
6020560.07,3.39
6020570.00,87.81
6020580.00,204.56
6020585.00,441.56
6020590.02,679.55
6020590.03,193.28
6020590.04,228.09
6020595.01,401.58
6020595.02,179.65
6020600.00,333.55
6020700.00,1158.33
7050000.00,4324.39
7050001.01,1.33
7050001.02,1.45
7050002.01,1.56
7050002.02,2.12
7050003.00,2.37
7050004.00,17.22
7050005.00,2.10
7050006.00,11.31
7050007.00,0.70
7050008.01,2.11
7050008.02,1.34
7050009.01,1.48
7050009.02,1.91
7050010.00,0.57
7050011.00,0.59
7050012.00,1.43
7050013.00,0.51
7050014.00,0.67
7050015.00,2.45
7050016.00,1.80
7050017.00,5.05
7050018.00,1.96
7050019.00,2.01
7050020.00,1.23
7050021.00,1.16
7050022.01,28.69
7050022.02,2.65
7050023.01,1.26
7050023.02,1.39
7050024.00,1.32
7050025.01,1.62
7050025.02,1.27
7050026.00,1.58
7050027.00,18.07
7050028.01,1.52
7050028.02,1.46
7050028.03,1.68
7050100.01,1.35
7050100.02,10.42
7050100.03,1.76
7050100.04,4.23
7050100.05,2.08
7050100.08,2.17
7050100.09,7.20
7050100.1,1.93
7050100.11,1.37
7050100.12,9.94
7050100.13,8.59
7050100.14,658.62
7050101.01,483.13
7050101.02,384.85
7050102.00,829.80
7050103.00,844.14
7050104.00,943.87
7250000.00,5890.71
7250001.00,4.54
7250002.01,1.30
7250002.02,3.94
7250003.00,7.29
7250004.00,1.99
7250005.00,13.72
7250006.01,1.58
7250006.02,1.63
7250006.03,1.71
7250006.04,1.93
7250007.00,0.87
7250008.00,1.16
7250009.00,1.52
7250010.00,2.06
7250011.01,1.22
7250011.02,1.35
7250011.03,2.67
7250012.01,1.77
7250012.02,1.65
7250012.03,1.44
7250012.06,3.69
7250012.07,6.08
7250012.08,1.18
7250012.09,1.27
7250013.01,5.65
7250013.02,3.00
7250013.04,13.58
7250013.05,5.23
7250013.06,1.22
7250013.07,1.07
7250014.00,2.78
7250015.00,2.11
7250016.00,0.66
7250017.00,1.31
7250018.01,1.68
7250018.02,1.34
7250018.03,1.59
7250018.04,3.27
7250018.05,3.25
7250019.00,1.91
7250020.00,2.92
7250021.01,30.09
7250021.02,2.37
7250021.03,1.81
7250021.04,1.55
7250021.05,4.83
7250022.00,8.57
7250100.02,21.40
7250100.03,37.35
7250100.04,618.27
7250101.00,969.41
7250102.01,133.43
7250102.02,217.89
7250103.00,792.69
7250104.01,19.29
7250104.02,810.76
7250105.00,871.74
7250110.00,553.73
7250200.00,675.37
8050000.00,13301.54
8050001.00,1.16
8050002.00,2.96
8050003.01,6.35
8050003.02,3.13
8050004.00,29.74
8050005.01,3.90
8050005.02,2.48
8050006.00,2.23
8050007.00,2.98
8050008.00,4.01
8050009.00,3.13
8050010.00,2.94
8050011.00,1.44
8050012.01,1.43
8050012.02,8.48
8050013.00,35.65
8050014.00,16.25
8050100.00,3.28
8050200.00,13169.97
8100000.00,2975.08
8100001.00,10.39
8100002.00,8.78
8100003.00,1.34
8100004.00,1.38
8100005.00,4.01
8100006.00,1.13
8100007.00,2.33
8100008.00,1.82
8100009.00,2.30
8100010.00,12.15
8100011.00,1.67
8100012.00,4.64
8100013.00,4.65
8100014.00,1.93
8100015.00,1.12
8100016.00,12.44
8100017.01,2.51
8100017.02,24.11
8100017.03,4.02
8100018.00,1.30
8100019.00,1.81
8100020.01,10.38
8100020.02,1.50
8100021.00,4.40
8100100.01,1807.87
8100100.02,1028.76
8100101.00,1.59
8100102.00,2.85
8100103.00,3.11
8100104.00,7.99
8100105.00,0.81
8250000.00,5110.21
8250001.01,1.72
8250001.02,3.63
8250001.03,1.05
8250001.04,2.56
8250001.05,1.15
8250001.06,3.34
8250001.07,2.93
8250001.08,3.66
8250001.09,3.50
8250001.1,2.64
8250001.11,8.19
8250001.13,1.45
8250001.14,2.00
8250001.17,2.66
8250001.22,3.46
8250001.23,1.13
8250001.25,1.66
8250001.26,4.28
8250001.28,1.17
8250001.29,1.13
8250001.3,1.92
8250001.31,11.91
8250001.32,1.93
8250001.33,0.87
8250001.34,14.45
8250001.35,17.53
8250001.36,1.65
8250001.37,0.76
8250001.38,1.26
8250001.39,4.94
8250002.02,14.52
8250002.04,44.13
8250002.06,2.07
8250002.07,2.51
8250002.08,1.81
8250002.09,1.13
8250002.1,1.65
8250002.11,2.36
8250002.12,0.59
8250002.14,1.43
8250002.15,3.62
8250002.16,2.04
8250002.17,0.82
8250002.18,1.90
8250002.19,2.74
8250002.2,4.56
8250002.21,25.84
8250002.22,2.47
8250002.23,5.85
8250003.00,10.13
8250004.00,1.99
8250005.00,1.78
8250006.00,1.99
8250007.01,1.96
8250007.02,2.07
8250007.03,5.05
8250007.04,2.79
8250008.00,1.41
8250009.00,1.04
8250010.00,1.86
8250011.00,1.34
8250012.00,2.15
8250013.00,1.33
8250014.00,3.70
8250015.00,3.99
8250016.00,1.64
8250017.01,1.74
8250017.03,0.82
8250017.04,2.09
8250017.05,1.72
8250017.06,1.66
8250018.00,1.73
8250019.00,1.54
8250020.00,1.23
8250021.00,1.21
8250022.00,3.97
8250023.00,1.88
8250024.00,1.50
8250025.00,1.33
8250026.00,0.40
8250027.00,1.33
8250028.00,1.91
8250029.00,2.69
8250030.00,5.38
8250031.00,1.24
8250032.00,7.15
8250033.01,2.09
8250033.02,7.82
8250034.00,5.30
8250035.01,2.46
8250035.02,1.18
8250036.01,0.93
8250036.02,0.98
8250037.00,1.34
8250038.02,1.11
8250038.03,1.29
8250038.04,1.52
8250038.05,1.34
8250038.06,2.01
8250038.07,1.39
8250038.08,1.36
8250038.1,1.48
8250038.11,1.13
8250038.12,1.35
8250038.13,1.34
8250038.14,1.32
8250038.15,1.29
8250038.17,1.43
8250038.18,1.23
8250038.2,3.06
8250038.21,1.40
8250038.22,2.61
8250038.23,1.28
8250038.24,2.64
8250038.25,1.32
8250038.27,1.21
8250038.28,0.71
8250038.29,1.78
8250038.3,0.96
8250038.31,47.72
8250038.32,1.38
8250038.33,1.24
8250038.34,3.80
8250039.00,4.70
8250040.00,3.96
8250041.00,2.12
8250042.00,1.39
8250043.00,1.64
8250044.00,0.79
8250045.00,0.57
8250046.01,0.59
8250046.02,1.78
8250047.00,1.55
8250048.00,2.92
8250049.01,3.27
8250049.02,2.48
8250049.03,3.09
8250050.01,1.71
8250050.06,5.76
8250050.07,2.69
8250050.08,6.32
8250050.09,5.30
8250050.1,2.44
8250050.11,2.81
8250050.12,3.80
8250050.13,2.97
8250050.14,3.48
8250051.00,2.22
8250052.01,2.11
8250052.02,1.64
8250052.03,3.45
8250052.04,1.96
8250052.06,2.57
8250052.07,1.97
8250052.09,1.42
8250052.1,1.37
8250052.11,2.43
8250052.12,4.04
8250053.00,3.21
8250054.00,1.30
8250055.00,1.88
8250056.00,1.59
8250057.00,2.30
8250058.00,1.97
8250059.00,1.55
8250060.00,2.02
8250061.00,37.99
8250062.00,1.48
8250063.00,1.34
8250064.00,2.06
8250065.00,1.35
8250066.01,3.48
8250066.02,2.17
8250067.00,0.89
8250068.00,1.07
8250069.00,1.09
8250070.00,1.64
8250071.00,1.87
8250072.00,2.37
8250073.00,1.15
8250074.00,1.62
8250075.01,1.03
8250075.02,1.21
8250076.01,0.86
8250076.02,1.11
8250076.03,1.66
8250076.04,1.55
8250076.05,1.17
8250076.06,1.09
8250076.09,1.46
8250076.12,4.99
8250076.13,3.47
8250076.14,1.79
8250076.15,0.58
8250076.16,6.27
8250076.17,3.57
8250076.18,1.57
8250076.19,1.59
8250076.2,1.82
8250076.21,6.11
8250076.22,1.61
8250076.23,0.91
8250076.24,1.45
8250077.01,1.45
8250077.02,1.87
8250077.03,1.47
8250077.04,1.47
8250077.05,1.77
8250077.06,2.32
8250077.13,1.25
8250077.14,1.03
8250077.16,2.47
8250077.17,1.89
8250077.19,12.98
8250077.2,1.91
8250077.21,2.91
8250077.22,1.81
8250077.23,2.42
8250077.24,1.38
8250077.25,6.67
8250077.26,1.87
8250077.27,1.31
8250077.28,1.42
8250077.29,17.23
8250077.3,1.93
8250077.31,2.00
8250077.32,1.71
8250200.02,282.92
8250200.03,425.72
8250200.05,111.13
8250200.06,62.96
8250201.01,258.58
8250201.02,847.31
8250202.00,559.73
8250203.00,961.06
8250204.01,342.55
8250204.03,386.14
8250204.04,78.37
8250204.05,3.55
8250205.01,6.96
8250205.02,2.53
8250205.03,20.34
8250206.02,1.34
8250206.05,2.78
8250206.06,2.60
8250206.07,2.50
8250206.08,5.23
8250206.09,3.96
8250206.1,2.05
8250206.11,1.92
8250207.01,3.49
8250207.03,5.40
8250207.04,1.93
8300000.00,104.73
8300001.01,1.89
8300001.02,2.62
8300001.03,1.96
8300001.04,4.61
8300002.00,4.16
8300003.00,4.19
8300004.00,1.17
8300005.00,1.55
8300006.00,1.35
8300007.00,1.30
8300008.01,20.96
8300008.02,1.35
8300008.03,1.31
8300009.00,6.77
8300010.00,5.12
8300011.00,1.12
8300012.00,5.63
8300013.00,1.46
8300014.00,7.00
8300015.00,1.74
8300016.01,24.15
8300016.02,1.88
8300016.03,1.45
8350000.00,9438.86
8350001.01,6.63
8350001.02,1.18
8350001.03,1.90
8350001.04,0.56
8350001.05,1.29
8350001.06,1.18
8350001.07,3.27
8350002.01,1.56
8350002.02,1.23
8350002.03,1.02
8350002.04,0.96
8350002.05,1.04
8350003.00,2.59
8350004.01,1.94
8350004.02,3.35
8350005.01,1.99
8350005.02,2.49
8350005.05,3.07
8350005.07,3.89
8350005.08,1.14
8350005.09,1.67
8350005.1,1.63
8350005.11,2.00
8350006.01,10.35
8350006.03,0.89
8350006.04,0.90
8350006.05,2.05
8350006.06,0.77
8350006.08,1.93
8350006.09,1.62
8350006.11,14.46
8350006.13,2.72
8350006.14,1.07
8350006.15,1.58
8350006.16,1.11
8350006.17,2.63
8350006.18,1.41
8350007.01,1.36
8350007.02,4.98
8350008.01,1.10
8350008.02,0.64
8350009.00,3.77
8350010.00,3.95
8350011.00,1.73
8350012.01,1.47
8350012.02,1.95
8350013.00,1.31
8350014.00,1.66
8350015.01,2.05
8350015.02,1.63
8350016.01,3.30
8350016.02,1.60
8350017.00,1.33
8350018.00,14.28
8350019.01,0.82
8350019.02,1.42
8350020.00,2.94
8350021.00,1.29
8350022.00,1.26
8350023.00,4.28
8350024.01,0.73
8350024.02,1.44
8350025.00,1.10
8350026.01,1.10
8350026.02,1.11
8350027.00,2.10
8350028.00,2.67
8350029.00,3.11
8350030.00,1.10
8350031.00,1.17
8350032.01,0.45
8350032.02,0.81
8350033.01,1.21
8350033.02,0.88
8350034.00,2.37
8350035.00,1.70
8350036.00,1.29
8350037.00,1.59
8350038.00,1.42
8350039.00,3.26
8350040.00,2.34
8350041.00,2.45
8350042.01,2.14
8350042.02,1.54
8350043.00,2.43
8350044.00,1.48
8350045.00,0.56
8350046.00,1.29
8350047.00,1.93
8350048.00,1.15
8350049.00,1.58
8350050.00,1.43
8350051.01,0.87
8350051.02,6.10
8350052.01,1.03
8350052.02,1.29
8350053.00,1.65
8350054.00,3.35
8350055.00,0.91
8350056.00,1.04
8350057.00,1.82
8350058.00,2.71
8350059.00,3.14
8350060.01,1.63
8350060.02,1.20
8350061.00,1.24
8350062.00,3.74
8350063.00,2.21
8350064.01,1.18
8350064.02,1.15
8350065.01,1.27
8350065.02,1.30
8350065.03,1.88
8350066.01,0.94
8350066.02,0.79
8350067.01,0.65
8350067.02,1.53
8350068.01,0.56
8350068.02,1.36
8350069.00,1.36
8350070.00,1.56
8350071.00,1.54
8350072.00,1.35
8350073.00,1.71
8350074.00,1.34
8350075.01,0.49
8350075.02,1.80
8350075.03,0.73
8350075.04,0.46
8350075.05,1.61
8350075.07,1.35
8350075.08,1.97
8350075.09,1.35
8350075.1,2.72
8350075.11,2.21
8350075.12,2.03
8350076.01,1.18
8350076.02,1.73
8350077.01,1.23
8350077.02,1.58
8350078.01,2.67
8350078.02,1.35
8350078.03,1.16
8350078.05,1.30
8350078.06,1.63
8350078.07,1.41
8350078.08,1.06
8350078.09,1.35
8350078.12,2.39
8350078.14,1.73
8350078.15,0.58
8350078.16,2.19
8350078.17,5.42
8350079.03,39.93
8350079.04,11.65
8350079.05,3.64
8350079.06,17.99
8350090.01,2.00
8350090.02,0.93
8350090.03,0.90
8350090.04,1.56
8350090.05,2.17
8350090.06,2.15
8350090.07,3.82
8350090.08,1.94
8350090.09,2.35
8350090.11,0.85
8350090.12,1.05
8350090.13,0.94
8350090.15,2.76
8350090.16,1.00
8350090.17,1.12
8350090.18,2.38
8350090.19,0.90
8350090.2,0.95
8350090.21,1.83
8350090.22,1.18
8350100.00,1.94
8350101.01,3.23
8350101.02,5.05
8350102.00,2.46
8350103.00,2.90
8350104.02,104.03
8350104.1,11.65
8350104.12,3.02
8350104.13,2.02
8350104.15,1.09
8350104.16,1.48
8350104.17,31.07
8350104.18,2.71
8350104.19,2.79
8350104.2,1.66
8350104.22,2.83
8350104.25,4.42
8350104.27,5.61
8350104.28,1.86
8350104.29,4.31
8350104.3,1.55
8350104.31,12.90
8350104.32,1.31
8350104.33,29.35
8350104.34,3.24
8350104.35,37.67
8350104.36,1.73
8350104.37,2.61
8350104.38,1.95
8350104.39,2.38
8350104.4,3.69
8350105.03,157.06
8350105.04,90.74
8350105.05,60.71
8350105.06,151.36
8350106.01,37.29
8350106.02,559.14
8350110.01,1.67
8350110.02,3.39
8350111.00,5.83
8350120.01,3.28
8350120.02,5.42
8350120.03,1.28
8350120.05,4.95
8350120.07,13.01
8350120.08,3.75
8350121.02,2.04
8350121.03,0.96
8350121.04,3.01
8350121.06,3.63
8350121.07,10.51
8350121.08,2.45
8350121.09,8.39
8350140.04,91.22
8350140.05,2.32
8350140.06,120.69
8350140.07,5.78
8350140.08,1.33
8350141.01,68.39
8350141.02,792.09
8350142.01,582.30
8350142.02,406.13
8350142.03,11.15
8350142.04,251.21
8350150.00,823.05
8350151.01,5.20
8350151.02,5.27
8350152.00,21.74
8350153.01,3.33
8350153.02,7.74
8350154.00,9.63
8350155.00,778.73
8350156.00,11.15
8350157.00,1017.07
8350160.01,229.94
8350160.03,51.55
8350160.04,157.21
8350161.01,3.02
8350161.02,7.14
8350162.01,1.16
8350162.03,9.97
8350162.04,2.07
8350162.05,2.72
8350163.03,15.51
8350163.05,8.29
8350163.06,11.93
8350164.01,6.12
8350164.03,126.62
8350164.04,112.55
8350165.01,169.97
8350165.03,62.19
8350165.04,354.38
8350166.01,1.96
8350166.02,1247.39
8350200.00,7.12
8500000.00,132.73
8500001.00,11.14
8500002.00,2.55
8500003.00,7.41
8500004.00,2.21
8500005.00,1.84
8500006.00,8.21
8500007.00,2.32
8500008.00,3.09
8500009.00,6.22
8500010.00,8.20
8500011.00,61.97
8500012.00,15.37
8500013.00,0.81
8500014.00,1.39
8600000.00,61871.37
8600001.00,33.79
8600002.00,4.97
8600003.00,6.22
8600004.00,3.25
8600005.00,8.88
8600006.00,9.27
8600007.00,4.17
8600008.00,3.48
8600009.00,5.93
8600010.00,1.56
8600011.00,3.23
8600012.00,16.14
8600013.00,61676.74
8600100.00,19.23
8600110.00,0.30
8600120.00,0.59
8600130.00,9.53
8600140.00,22.20
8600150.00,1.12
8600160.00,27.42
8600170.00,10.88
8600180.00,2.46
9150000.00,2904.86
9150001.00,18.95
9150002.00,5.63
9150003.01,26.54
9150003.02,17.20
9150004.00,19.95
9150005.00,1.95
9150006.00,2.33
9150007.00,2.13
9150008.00,10.21
9150009.01,0.87
9150009.02,1.49
9150009.03,1.04
9150010.01,1.08
9150010.02,2.03
9150010.03,1.30
9150011.00,0.94
9150012.00,1.46
9150013.00,1.05
9150014.00,0.91
9150015.00,3.07
9150016.00,2.90
9150017.00,2.59
9150018.01,2.02
9150018.02,22.36
9150019.01,33.49
9150019.02,1.97
9150019.03,26.60
9150019.04,1.65
9150100.00,13.01
9150101.00,3.88
9150102.01,28.16
9150102.04,6.90
9150102.05,13.82
9150102.06,8.80
9150103.00,15.96
9150104.01,3.46
9150104.02,1228.35
9150105.01,61.98
9150105.02,1246.64
9150105.03,60.21
9250000.00,5668.70
9250001.00,21.58
9250002.00,2.93
9250003.00,15.71
9250004.00,65.26
9250005.01,2.59
9250005.02,1.38
9250006.01,41.52
9250006.02,2.16
9250007.00,31.82
9250008.00,1.86
9250009.00,2.02
9250010.00,1.98
9250011.00,1.66
9250012.00,1.64
9250013.00,1.41
9250014.00,1.02
9250015.00,1.46
9250016.00,1.55
9250017.00,2.34
9250018.00,37.29
9250019.00,40.73
9250020.00,2.34
9250021.01,4.25
9250021.02,136.85
9250022.00,12.74
9250100.01,5.04
9250100.02,13.43
9250100.03,1590.50
9250101.00,3294.52
9250110.00,325.33
9250200.00,3.77
9300000.00,1445.26
9300001.00,3.44
9300002.01,0.10
9300002.02,1.40
9300003.00,0.48
9300004.00,0.55
9300005.00,0.89
9300006.00,0.83
9300007.00,2.15
9300008.00,3.39
9300009.00,2.24
9300010.00,0.58
9300011.01,0.71
9300011.02,1.67
9300012.01,1.16
9300012.02,1.35
9300012.03,2.59
9300012.04,0.21
9300012.05,1.35
9300012.06,4.81
9300012.07,3.88
9300013.00,6.43
9300014.00,42.38
9300015.00,24.71
9300016.01,6.23
9300016.02,53.26
9300017.01,2.94
9300017.02,1.59
9300018.01,2.52
9300018.02,2.24
9300019.00,2.58
9300020.01,0.21
9300020.02,0.72
9300020.03,3.86
9300021.00,23.56
9300022.00,1.19
9300023.01,0.96
9300023.02,60.53
9300024.00,3.83
9300025.00,749.56
9300026.00,4.59
9300027.00,0.88
9300028.00,168.87
9300029.00,1.04
9300030.00,16.57
9300031.00,5.57
9300032.00,219.70
9300033.00,3.50
9300034.00,1.45
9320000.00,607.13
9320001.00,26.39
9320002.00,8.80
9320003.00,2.17
9320004.00,1.90
9320005.01,1.26
9320005.02,1.67
9320006.00,2.21
9320007.01,0.68
9320007.02,0.88
9320008.01,1.97
9320008.03,2.35
9320008.04,2.00
9320009.01,2.48
9320009.02,4.55
9320010.00,1.52
9320011.00,4.78
9320012.01,3.33
9320012.02,3.29
9320013.01,1.36
9320013.02,55.82
9320014.00,98.21
9320100.00,95.19
9320101.00,7.92
9320102.00,1.32
9320103.00,0.79
9320104.00,2.24
9320105.00,2.30
9320106.03,2.57
9320106.04,2.29
9320106.05,2.13
9320106.06,35.13
9320200.00,4.02
9320201.01,1.82
9320201.02,1.46
9320202.00,3.02
9320203.00,6.26
9320204.00,7.08
9320205.00,15.30
9320206.00,163.47
9320207.00,25.23
9330000.00,2882.68
9330001.01,1.02
9330001.02,1.86
9330002.01,1.94
9330002.03,0.79
9330002.04,0.78
9330003.01,0.54
9330003.02,1.12
9330004.01,1.56
9330004.02,1.18
9330005.00,1.38
9330006.01,0.92
9330006.02,1.09
9330007.01,2.68
9330007.02,1.42
9330008.01,1.84
9330008.02,3.55
9330009.00,1.66
9330010.01,1.42
9330010.02,1.39
9330011.00,1.57
9330012.00,1.54
9330013.01,1.14
9330013.03,0.62
9330013.04,0.48
9330014.01,0.50
9330014.02,0.81
9330015.01,0.93
9330015.02,1.34
9330016.01,0.68
9330016.04,0.94
9330016.05,0.54
9330016.06,0.12
9330017.01,1.16
9330017.02,0.85
9330018.01,0.90
9330018.02,0.99
9330019.00,1.85
9330020.00,1.39
9330021.00,2.21
9330022.00,0.32
9330023.00,1.20
9330024.00,1.70
9330025.00,1.99
9330026.00,1.26
9330027.01,1.27
9330027.02,1.03
9330028.00,1.47
9330029.00,1.50
9330030.00,1.46
9330031.01,0.90
9330031.02,0.69
9330032.00,1.24
9330033.01,0.68
9330033.02,0.45
9330034.01,0.67
9330034.02,1.34
9330035.01,0.72
9330035.02,1.53
9330036.01,1.37
9330036.02,1.47
9330037.01,0.60
9330037.02,0.52
9330038.00,0.59
9330039.01,0.71
9330039.02,0.60
9330040.01,0.27
9330040.02,0.32
9330041.01,0.38
9330041.02,1.00
9330042.00,1.09
9330043.01,0.71
9330043.02,1.00
9330044.00,2.85
9330045.01,0.67
9330045.02,0.73
9330046.00,0.49
9330047.01,0.33
9330047.02,0.39
9330048.00,1.22
9330049.01,1.55
9330049.02,0.85
9330050.02,0.68
9330050.03,1.29
9330050.04,0.31
9330051.01,0.54
9330051.02,0.76
9330052.01,1.26
9330052.02,1.33
9330053.01,2.62
9330053.02,0.80
9330054.01,0.59
9330054.02,0.79
9330055.01,0.80
9330055.02,0.65
9330056.01,1.13
9330056.02,0.67
9330057.01,0.23
9330057.02,1.63
9330058.00,1.13
9330059.06,0.61
9330059.07,0.26
9330059.08,0.35
9330059.09,0.20
9330059.1,0.20
9330059.11,0.77
9330059.13,0.32
9330059.14,0.59
9330060.01,0.15
9330060.02,0.23
9330061.00,0.21
9330062.00,0.17
9330063.00,0.19
9330064.00,0.24
9330065.00,0.24
9330066.00,0.53
9330067.01,0.19
9330067.02,0.24
9330068.00,4.07
9330069.01,5.44
9330069.02,9.06
9330100.01,0.97
9330100.02,2.90
9330101.03,0.34
9330101.04,0.30
9330101.05,0.59
9330101.06,0.42
9330102.01,0.28
9330102.02,2.57
9330103.00,1.34
9330104.00,2.41
9330110.02,2.21
9330110.03,38.78
9330110.04,1.51
9330111.02,32.06
9330111.04,1.06
9330111.05,3.34
9330111.06,0.49
9330111.07,23.85
9330112.00,1.06
9330113.00,2.92
9330114.01,1.66
9330114.02,2.01
9330115.00,4.68
9330116.00,16.11
9330117.00,2.38
9330118.00,3.52
9330119.00,1.31
9330120.00,2.28
9330121.00,1.85
9330122.00,19.21
9330130.01,0.88
9330130.03,1.47
9330130.04,1.72
9330131.00,3.36
9330132.00,3.30
9330133.01,3.93
9330133.02,36.77
9330134.00,15.19
9330135.00,22.35
9330140.02,15.68
9330140.03,42.34
9330140.04,2.51
9330141.01,2.20
9330141.02,0.08
9330142.01,1.47
9330142.02,1.46
9330142.03,1.53
9330143.01,1.33
9330143.02,1.30
9330143.03,1.34
9330143.04,1.32
9330144.03,0.68
9330144.04,1.34
9330144.05,0.69
9330144.06,1.33
9330145.01,1.34
9330145.02,1.37
9330146.00,4.80
9330147.01,2.67
9330147.04,0.33
9330147.05,0.33
9330147.07,0.45
9330147.08,0.61
9330147.09,0.24
9330147.1,0.41
9330148.00,2.80
9330149.02,1.53
9330149.05,0.65
9330149.06,1.67
9330149.07,1.04
9330149.08,1.03
9330149.09,0.66
9330150.00,18.16
9330151.03,3.08
9330151.05,1.30
9330151.06,1.91
9330151.07,2.97
9330151.08,3.30
9330160.01,2.17
9330160.02,6.54
9330160.03,2.63
9330160.04,2.33
9330161.02,1.73
9330161.03,2.33
9330161.05,1.61
9330161.06,3.70
9330161.07,0.53
9330161.08,6.58
9330161.09,136.76
9330162.01,2.15
9330162.02,2.08
9330162.03,1.66
9330162.04,4.92
9330163.01,1.70
9330163.04,2.67
9330163.05,1.64
9330163.06,0.99
9330163.07,1.32
9330163.08,1.26
9330170.03,0.49
9330170.04,2.16
9330170.05,0.32
9330170.07,1.22
9330170.08,0.93
9330180.01,3.02
9330180.03,44.66
9330180.04,3.04
9330181.03,6.27
9330181.05,2.46
9330181.07,1.86
9330181.08,1.22
9330181.09,3.90
9330181.1,3.27
9330181.11,0.65
9330181.12,3.44
9330181.13,1.87
9330181.14,1.45
9330181.15,1.33
9330181.16,2.28
9330182.01,50.19
9330182.02,2.61
9330182.03,8.09
9330182.04,2.26
9330182.05,18.96
9330182.06,9.75
9330183.01,2.66
9330183.03,2.87
9330183.05,3.46
9330183.06,1.34
9330183.07,2.55
9330183.08,1.31
9330183.09,5.89
9330184.02,2.62
9330184.06,2.64
9330184.07,1.33
9330184.08,1.28
9330184.09,1.32
9330184.1,1.33
9330184.11,2.61
9330184.12,1.97
9330184.13,4.52
9330184.14,1.55
9330184.15,0.98
9330184.16,1.65
9330185.05,1.33
9330185.07,2.63
9330185.08,3.70
9330185.09,2.66
9330185.1,1.29
9330185.11,1.32
9330185.12,1.32
9330185.15,2.62
9330185.16,2.61
9330185.17,1.04
9330185.18,1.68
9330185.19,0.67
9330185.2,0.67
9330185.21,0.67
9330185.22,0.67
9330186.01,1.98
9330186.02,1.91
9330186.05,1.25
9330186.06,1.28
9330186.07,1.31
9330186.08,1.30
9330187.03,2.58
9330187.04,1.23
9330187.05,1.31
9330187.06,2.60
9330187.07,0.66
9330187.11,1.39
9330187.12,1.15
9330187.13,1.11
9330187.14,0.65
9330187.15,0.70
9330187.16,0.90
9330188.01,2.51
9330188.02,1.07
9330188.04,3.87
9330188.05,6.71
9330188.06,3.66
9330188.07,2.38
9330188.08,1.28
9330189.03,1.47
9330189.05,1.34
9330189.06,2.41
9330189.07,0.82
9330189.08,0.68
9330189.09,1.33
9330189.1,1.31
9330190.01,1.47
9330190.03,1.94
9330190.04,3.05
9330190.05,0.61
9330191.03,1.32
9330191.04,1.33
9330191.05,1.41
9330191.06,0.50
9330191.07,0.73
9330192.00,9.86
9330200.00,3.34
9330201.00,0.72
9330202.00,1.29
9330203.00,1.12
9330204.01,0.41
9330204.02,0.70
9330205.01,0.51
9330205.02,0.62
9330206.00,0.31
9330207.00,0.35
9330208.00,1.68
9330209.00,2.11
9330210.00,2.47
9330220.00,9.11
9330221.01,1.23
9330221.03,1.30
9330221.04,1.32
9330222.01,1.55
9330222.02,1.36
9330223.01,1.48
9330223.02,0.76
9330224.01,0.47
9330224.02,0.70
9330225.01,1.47
9330225.02,1.36
9330226.02,1.35
9330226.03,0.73
9330226.04,0.29
9330227.01,0.28
9330227.02,1.13
9330228.02,0.98
9330228.03,0.33
9330228.04,0.72
9330229.00,3.07
9330230.01,4.23
9330230.02,3.99
9330231.00,2.02
9330232.00,2.91
9330233.00,1.51
9330234.00,4.57
9330235.02,1.43
9330235.03,0.43
9330235.04,1.06
9330236.00,4.13
9330237.00,2.54
9330238.01,1.23
9330238.02,2.32
9330239.01,1.56
9330239.02,0.79
9330240.01,2.20
9330240.02,0.89
9330241.00,1.91
9330242.00,4.61
9330243.01,1.70
9330243.02,13.64
9330250.01,50.14
9330250.02,831.70
9330251.01,0.58
9330251.02,5.63
9330260.04,1.19
9330260.05,3.09
9330260.06,2.58
9330260.07,1.09
9330260.08,3.44
9330260.1,0.29
9330260.11,10.87
9330260.12,3.37
9330270.00,4.48
9330280.01,0.02
9330280.02,4.27
9330281.01,2.21
9330281.02,2.61
9330282.01,1.42
9330282.02,1.32
9330283.00,2.20
9330284.01,2.15
9330284.02,2.09
9330285.01,0.66
9330285.02,2.20
9330286.01,4.17
9330286.02,3.12
9330286.03,2.72
9330287.01,1.91
9330287.02,55.92
9330287.06,1.17
9330287.09,0.60
9330287.1,1.20
9330287.11,1.90
9330287.12,1.11
9330287.13,2.25
9330287.14,18.42
9330287.15,1.40
9330287.16,0.80
9330290.02,4.52
9330290.04,5.08
9330290.05,1.60
9330290.06,0.81
9330290.07,2.50
9330291.01,2.28
9330291.02,3.14
9330292.01,2.11
9330292.03,3.12
9330292.04,4.82
9330400.04,12.41
9330400.05,5.10
9330400.06,1.46
9330400.07,1.30
9330400.08,0.39
9330400.09,35.99
9330401.01,1.11
9330401.02,3.15
9330402.02,2.96
9330402.03,1.30
9330402.04,1.79
9330403.01,2.35
9330403.04,5.00
9330403.05,1.87
9330403.06,0.42
9330403.07,3.38
9330404.01,35.61
9330404.02,153.30
9330410.02,22.53
9330410.04,60.05
9330410.05,1.67
9330410.06,2.25
9330500.01,0.28
9330500.02,72.38
9330501.01,19.75
9330501.02,19.03
9330501.03,23.28
9330502.01,1.49
9330502.02,9.78
9330502.03,2.62
9330502.05,33.51
9330502.06,3.39
9330502.07,3.15
9330503.01,1.09
9330503.03,3.61
9330503.06,0.59
9330503.07,0.85
9330503.08,2.50
9330503.09,1.58
9330504.03,13.72
9330504.05,3.83
9330504.07,0.84
9330504.08,1.23
9330504.09,3.50
9330504.1,1.13
9330504.11,11.63
9330504.12,3.98
9330504.13,1.67
9330504.14,0.31
9330504.15,4.03
9330505.01,5.22
9330505.03,1.78
9330505.04,59.57
9330506.01,3.07
9330506.02,6.24
9350000.00,696.15
9350001.00,1.13
9350002.00,1.45
9350003.01,1.04
9350003.02,0.92
9350004.00,0.84
9350005.00,1.37
9350006.00,0.92
9350007.00,0.90
9350008.00,0.50
9350009.00,0.84
9350010.00,1.86
9350011.00,1.61
9350012.00,1.69
9350013.01,0.77
9350013.02,1.39
9350014.01,1.12
9350014.02,1.15
9350100.00,2.51
9350101.00,1.05
9350102.00,1.72
9350103.00,2.34
9350104.00,2.92
9350110.00,2.73
9350111.01,1.83
9350111.02,2.51
9350120.00,4.42
9350121.01,2.32
9350121.02,2.49
9350121.03,1.39
9350121.04,1.33
9350122.00,0.99
9350123.01,0.92
9350123.02,1.38
9350124.00,2.25
9350125.01,1.31
9350125.02,1.78
9350126.00,2.38
9350127.00,2.69
9350128.00,13.44
9350129.01,3.03
9350129.02,2.80
9350130.01,1.58
9350130.02,4.81
9350131.00,3.84
9350132.01,4.25
9350132.03,4.79
9350132.04,6.21
9350133.00,33.39
9350150.02,12.48
9350150.03,0.22
9350150.04,0.71
9350150.05,1.88
9350151.02,6.39
9350151.03,16.72
9350151.04,3.25
9350152.00,3.53
9350153.00,5.29
9350154.01,8.84
9350154.02,13.64
9350155.01,38.05
9350155.03,2.63
9350155.04,71.13
9350156.01,32.12
9350156.04,221.58
9350156.05,0.75
9350156.06,24.49
9350160.04,4.94
9350160.05,5.01
9350160.06,2.69
9350160.07,17.48
9350160.08,2.09
9350160.09,13.89
9350170.00,2.79
9350171.00,2.31
9350180.03,2.82
9350180.04,17.55
9350180.05,0.29
9350180.06,19.72
9380000.00,1280.84
9380001.02,23.11
9380001.03,0.71
9380001.04,27.75
9380002.00,3.79
9380003.00,3.74
9380004.00,4.29
9380005.00,7.65
9380006.00,6.05
9380007.00,11.66
9380008.00,4.01
9380009.00,3.19
9380010.00,2.98
9380011.00,4.33
9380012.00,4.85
9380013.00,2.11
9380014.00,4.58
9380015.00,2.63
9380016.00,5.15
9380017.01,0.20
9380017.02,19.75
9380019.01,2.24
9380019.02,60.31
9380020.00,1075.75
9700000.00,17686.12
9700001.00,11.75
9700002.00,4.19
9700003.00,37.68
9700004.00,71.68
9700005.00,3.18
9700006.00,4.10
9700007.00,38.99
9700008.00,1.94
9700009.00,2.47
9700010.00,0.67
9700011.00,1.57
9700012.00,0.77
9700013.00,0.97
9700014.00,1.75
9700015.00,1.91
9700016.00,4.24
9700017.00,2.06
9700018.00,23.73
9700019.00,13.52
9700020.00,12.96
9700021.00,8.17
9700022.00,30.79
9700023.00,39.16
9700100.00,12506.13
9700101.00,668.56
9700102.00,2806.28
9700103.01,5.23
9700103.02,1381.66
