X,Y,id,CMA
-79.4272866628539,43.8781931250116,5350422.06,535
-79.9209599103158,43.3322864632228,5370140.03,537
-79.9055077972394,43.3207105079823,5370140.04,537
-78.7093948477407,43.9021205506669,5320202.11,532
-78.8804595190866,43.9432447840073,5320015.02,532
-79.4191159981768,43.8419303132961,5350420.13,535
-79.8617139373269,43.1994708509983,5370001.08,537
-79.8748633957976,43.1952395386161,5370001.09,537
-80.0158380363583,43.1743482396105,5370120.02,537
-79.3947730917548,43.8915158516568,5350422.03,535
-79.3992771567775,43.8840380457486,5350422.04,535
-79.4106796464384,43.8829309098464,5350422.05,535
-79.4572829004004,43.9008262397401,5350424.07,535
-79.4559001749934,43.8915808721735,5350424.08,535
-79.4878622883678,44.0264016585815,5350451.07,535
-79.4893243517595,44.0376929900003,5350451.06,535
-79.6954272960441,43.5624177410743,5350516.31,535
-79.7805916369742,43.5757014501173,5350516.32,535
-79.6216181118343,43.580807494676,5350520.07,535
-79.6298581009633,43.5735093205711,5350520.08,535
-79.0909679300208,43.8344591062765,5350804.10,535
-79.0719736462527,43.8434426114826,5350804.11,535
-79.4494922808574,44.0342299168716,5350450.05,535
-79.4261640544627,44.0399272574235,5350450.06,535
-79.7896208884583,43.6946256423802,5350573.06,535
-79.7759278529439,43.6852901816202,5350573.07,535
-79.7598374385015,43.7425276414649,5350576.16,535
-79.7536209332142,43.7464285205498,5350576.17,535
-79.7242428841957,43.8791912691015,5350585.09,535
-79.7103126646469,43.8646888496605,5350585.10,535
-79.838108359976,43.7964309848043,5350586.01,535
-79.9024453467999,43.7378817548763,5350586.02,535
-79.7067437747184,43.5688556125993,5350516.30,535
-79.4682535144262,43.9449438267959,5350424.09,535
-79.4705189917993,43.9546375826392,5350424.10,535
-79.4444497376279,43.9545642680556,5350424.11,535
-79.6659931763191,43.6251788276971,5350528.34,535
-79.6284325001663,43.6397934427932,5350528.35,535
-79.6329722735766,43.7218041330377,5350530.01,535
-79.6291201778922,43.7186291220618,5350530.02,535
-79.7023101788012,43.6161455489081,5350528.32,535
-79.7148517142716,43.6065333322646,5350528.33,535
-79.4923080381629,44.0467101688317,5350451.05,535
-79.515638867465,43.8452621529513,5350411.07,535
-79.554787503823,43.7929526791274,5350412.12,535
-79.5507935728784,43.8005651319694,5350412.13,535
-79.5122097478934,43.8071539270068,5350411.08,535
-79.4879256083529,43.835813017427,5350411.09,535
-79.391439021821,43.6974560729963,5350128.04,535
-79.6110845294903,43.8064848644672,5350412.14,535
-79.592796798032,43.8049097294133,5350412.15,535
-79.5340902504943,43.858038706103,5350411.12,535
-79.2302604431168,43.7815300136615,5350363.07,535
-79.2683840492696,43.7991492570809,5350378.23,535
-79.2539518999348,43.8040995961013,5350378.24,535
-79.2481514896146,43.777706665779,5350363.06,535
-79.2602031840463,43.8482669480883,5350400.13,535
-79.2593304544504,43.8383772726538,5350400.14,535
-79.2978805655032,43.8395066623868,5350401.17,535
-79.2432263936406,43.862822839755,5350400.16,535
-79.4157981877873,43.642073783882,5350010.01,535
-79.4072102058463,43.6432217604787,5350010.02,535
-79.2466979123106,43.8720944366787,5350400.15,535
-79.7408605390406,43.6450363902508,5350528.36,535
-79.766180200542,43.6246183164739,5350528.37,535
-79.3711940139048,43.8756574340181,5350403.04,535
-79.3287919461217,43.8858156925278,5350403.05,535
-79.7897402769718,43.6808460572911,5350573.09,535
-79.7568427765394,43.6132299766606,5350528.39,535
-79.7281433988836,43.6185957737358,5350528.40,535
-79.5650004328277,43.8150792522112,5350412.18,535
-79.7480122189957,43.7514032158741,5350576.20,535
-79.7346122793226,43.7626120336291,5350576.22,535
-79.6549160571415,43.6709325493771,5350528.41,535
-79.6909911547887,43.6039631308937,5350528.42,535
-79.6771102666572,43.5933974264314,5350528.43,535
-79.3024730623535,43.8872752480264,5350403.07,535
-79.0312304125464,43.8738523361513,5350805.09,535
-79.0454451999883,43.8690446101758,5350805.10,535
-78.8630836779601,43.9459284821173,5320016.01,532
-78.9448764633206,43.9658697944469,5320105.12,532
-79.0589050085105,43.8944615618963,5350805.12,535
-79.7754711324871,43.4219992211113,5350612.15,535
-79.475421326268,43.8401965022884,5350411.28,535
-79.8743247684166,43.2506774978549,5370038.00,537
-79.8791356297647,43.2517720890486,5370039.00,537
-79.8840812989108,43.2528593007086,5370040.00,537
-79.8848749335128,43.2592013585697,5370041.00,537
-79.521333879035,43.7118958401142,5350282.00,535
-79.4849571299145,43.7145432261133,5350284.00,535
-79.4754172549444,43.716898431443,5350285.00,535
-79.4587852914486,43.7203893860052,5350286.00,535
-78.8265966294317,43.8769043838117,5320001.00,532
-79.7889408442079,43.4096787727352,5370223.09,537
-79.7968219719927,43.4023780909538,5370223.10,537
-78.8575872587629,43.8915639073061,5320005.00,532
-78.8468281992414,43.8867018287045,5320006.00,532
-78.8438699565339,43.8961874408191,5320007.00,532
-79.7812741906905,43.3874180531582,5370223.12,537
-78.8621412693844,43.9000354998148,5320010.00,532
-78.8681863220102,43.9096518919259,5320011.00,532
-79.8710691654522,43.6384068145963,5350631.02,535
-79.4788819183594,43.7029360864505,5350280.00,535
-79.5415466575112,43.7014557230862,5350239.00,535
-79.2208837172335,43.7364984156136,5350332.00,535
-79.2273176064649,43.7278010539129,5350333.00,535
-79.1636808328403,43.7680502867448,5350360.00,535
-79.5565383012673,44.1214634599475,5350481.02,535
-79.2655171909548,43.6919421233229,5350338.00,535
-79.306839463738,43.7621126248624,5350372.00,535
-79.3131085433085,43.7584540034818,5350373.00,535
-79.3851517388024,43.6389518540877,5350012.04,535
-79.73129241805,43.5549195999758,5350516.48,535
-79.9170766032789,43.2412423791545,5370016.00,537
-79.9024001197321,43.2477391391206,5370017.00,537
-79.2236833676658,43.769148857819,5350365.00,535
-79.2352139686367,43.762079001926,5350366.00,535
-79.8506849149899,43.2366864482568,5370021.00,537
-79.8413593359818,43.2342123939739,5370022.00,537
-79.8326103919811,43.2312349370923,5370023.00,537
-79.6518808159392,43.5145989241167,5350503.00,535
-79.6373102649952,43.5218581860152,5350504.00,535
-79.5976217425,43.5593419244098,5350506.00,535
-79.5875900599883,43.5673715841458,5350507.00,535
-79.8069220900746,43.2339768440021,5370029.00,537
-79.8171029734705,43.2359383252557,5370030.00,537
-79.826485000871,43.2389574936499,5370031.00,537
-79.8364139723078,43.2426807667061,5370032.00,537
-79.8463759343256,43.2454179536408,5370033.00,537
-79.4621687333439,43.837204414109,5350411.29,535
-79.77304057197,44.0748664419998,5350484.02,535
-79.6061629449134,43.6041801541123,5350522.00,535
-79.6033128638947,43.6150121946401,5350523.00,535
-79.4306063590383,43.9882016228605,5350440.00,535
-79.710187690237,43.8071803316264,5350576.24,535
-79.4459453153199,43.7377163874769,5350288.00,535
-79.4658913891791,43.7313975123728,5350289.00,535
-79.579996483628,43.5748181608538,5350508.00,535
-79.5787374574359,43.6018172778925,5350510.00,535
-79.4286919331684,43.747597851589,5350298.00,535
-79.400807710426,43.7609627468445,5350300.00,535
-79.6593023910819,43.5544899961344,5350517.00,535
-79.6501289416769,43.5574817825924,5350518.00,535
-79.6604603730333,43.5639496112559,5350519.00,535
-79.5730315268297,43.8272063075196,5350412.25,535
-79.5372638592454,43.7418366668732,5350313.00,535
-79.43017258166,43.7804057448396,5350318.00,535
-79.4277354476834,43.7882773500323,5350319.00,535
-79.5200687880388,43.7268364456398,5350292.00,535
-79.5357472299946,43.7235570496092,5350293.00,535
-79.4901749462837,43.7379688326153,5350295.00,535
-79.3461806589883,43.78198617418,5350303.00,535
-79.2376233906234,43.7119594344556,5350334.00,535
-79.4461349065313,43.7687820608163,5350309.00,535
-79.7590401569595,43.4763083706199,5350615.00,535
-79.2784817411533,43.6827606727574,5350339.00,535
-79.8748864647429,43.2319781503209,5370011.00,537
-79.8821018782761,43.2338588953038,5370012.00,537
-79.8923471543018,43.2362695456826,5370013.00,537
-79.4570733412553,43.6706799723668,5350108.00,535
-79.4418408842793,43.6707145859731,5350109.00,535
-79.4478022533732,43.6743583667023,5350110.00,535
-79.4547060003984,43.6792006002274,5350111.00,535
-79.4473830457002,43.680661871302,5350112.00,535
-79.4384933861343,43.6765454589453,5350113.00,535
-79.4295261899911,43.6779929316544,5350114.00,535
-79.4284217626937,43.6730402161697,5350115.00,535
-79.4202068718564,43.6780553956713,5350116.00,535
-79.4061180042428,43.6772196464362,5350117.00,535
-79.8855508262927,43.2421060546793,5370018.00,537
-79.2427593754742,43.7241290782221,5350335.00,535
-79.2575942226615,43.7066790592502,5350336.00,535
-79.8220172836021,43.2273761882562,5370024.00,537
-79.8093444258755,43.2200920278642,5370025.00,537
-79.7875423050854,43.5795490540186,5350516.40,535
-79.7910994846835,43.229929024444,5370027.00,537
-79.7987019852838,43.2305891260455,5370028.00,537
-79.2877386554887,43.7049560345358,5350340.00,535
-79.2732488485399,43.7067770028265,5350342.00,535
-79.263635391806,43.7111359220796,5350343.00,535
-79.2718130391937,43.9259074701006,5350403.16,535
-79.8730126442393,43.2410852123401,5370019.00,537
-79.8606573872218,43.2392344355203,5370020.00,537
-79.3969257151725,43.6852718362474,5350121.00,535
-79.3996075365845,43.6916927767675,5350122.00,535
-79.3971980016908,43.6944232515942,5350123.00,535
-79.390338215466,43.686739788462,5350124.00,535
-79.3810109943366,43.6899156611655,5350125.00,535
-79.3827759038671,43.6981646380145,5350126.00,535
-79.3825469296239,43.7067426349311,5350127.00,535
-79.4329388833856,43.7031541414483,5350132.00,535
-79.4215075549791,43.7057610399058,5350133.00,535
-79.4133655075297,43.7070241139186,5350134.00,535
-79.6878072749016,43.7112966730839,5350560.00,535
-79.6959597543385,43.6997592980409,5350561.00,535
-79.760449339534,43.6857239598644,5350574.00,535
-79.6574965254067,43.4690036022499,5350601.00,535
-79.6710925400034,43.4572211569181,5350602.00,535
-79.6800945828039,43.4477299951724,5350603.00,535
-79.6655153687802,43.4472633963353,5350604.00,535
-79.3353829818499,43.6472431015809,5350001.00,535
-79.3816734355955,43.6231368659384,5350002.00,535
-79.724637170448,43.4092943369795,5350611.00,535
-79.4180880134684,43.647191413992,5350043.00,535
-79.426363907563,43.6453988272257,5350044.00,535
-79.430172784428,43.6511998426983,5350045.00,535
-79.4349297875222,43.6474968885406,5350046.00,535
-79.4448186490588,43.642592578388,5350048.00,535
-79.4510993236776,43.6422479389545,5350049.00,535
-79.4610897255466,43.6646406369023,5350100.00,535
-79.4678862433774,43.6641082329758,5350101.00,535
-79.3664146454603,43.9075303967424,5350403.15,535
-79.4049940669173,43.6597518429297,5350059.00,535
-79.4066460163353,43.6640949283322,5350060.00,535
-79.3974228545659,43.6632418960173,5350061.00,535
-79.6798220899343,43.4333217509953,5350605.00,535
-79.6928123233942,43.4397929136113,5350606.00,535
-79.706750878409,43.4279999496547,5350607.00,535
-79.7082924281945,43.4181211038486,5350608.00,535
-79.6943636616625,43.4140419517239,5350609.00,535
-79.3596438155189,43.6494311149697,5350017.00,535
-79.4733203353041,43.8297882858604,5350411.30,535
-79.3304302850197,43.6668014264948,5350027.00,535
-79.3499324236201,43.662739649199,5350029.00,535
-79.3600576335428,43.6586791157521,5350030.00,535
-79.1196027853345,43.9552524739181,5350807.00,535
-79.4734360301328,43.6567283666886,5350103.00,535
-79.4822777004014,43.654844464467,5350104.00,535
-79.4770605218314,43.6640309002995,5350105.00,535
-79.4724169146341,43.6713719681375,5350106.00,535
-79.463453653899,43.6773354814304,5350107.00,535
-79.4118917326956,43.6804855781904,5350118.00,535
-79.4059238025612,43.6852282236922,5350119.00,535
-79.3955823070463,43.6813194094464,5350120.00,535
-79.3686330324412,43.7320656592472,5350264.00,535
-79.8965583761709,43.2552917091729,5370042.00,537
-79.1172463063789,43.8911132972095,5350806.00,535
-79.3562305683661,43.6741126687729,5350070.00,535
-79.3475802217842,43.6751417483627,5350071.00,535
-79.3340186163082,43.6712476764011,5350073.00,535
-79.3244317137599,43.6743058028012,5350074.00,535
-79.3269505203052,43.6794545768669,5350075.00,535
-79.3176271960763,43.6822508787026,5350076.00,535
-79.0303892047334,43.8464052235473,5350811.00,535
-79.0241144101498,43.8572382901037,5350812.00,535
-79.3287520368772,43.6842218520902,5350082.00,535
-79.3393874934596,43.6820290382533,5350083.00,535
-79.3501992062655,43.6806946579931,5350084.00,535
-79.3588434790284,43.6789888888427,5350085.00,535
-79.4046568716621,43.7090824649925,5350135.00,535
-79.3902650803707,43.7137515545981,5350137.00,535
-79.3952956032679,43.7221094751619,5350138.00,535
-79.4165549157785,43.7141321445413,5350140.00,535
-79.9214308131387,43.2535329747418,5370043.00,537
-79.9382336529078,43.2508817580907,5370044.00,537
-79.9166135509992,43.2638916034957,5370045.00,537
-79.4507666016592,43.6352668698817,5350003.00,535
-79.4397922886206,43.6374625069455,5350004.00,535
-79.4304979609775,43.6399115808346,5350005.00,535
-79.4333303955359,43.6359109611965,5350006.00,535
-79.4186284306029,43.6431992871316,5350009.00,535
-79.4027735794231,43.7013529629342,5350129.00,535
-79.4103832359993,43.6959368850283,5350130.00,535
-79.4188891812139,43.6941737952639,5350131.00,535
-79.3663012000031,43.7437280570631,5350267.00,535
-79.3486563066833,43.744793994857,5350268.00,535
-79.8971735283943,43.269479649247,5370046.00,537
-79.8039491567789,43.2420336732596,5370055.00,537
-79.7940582222686,43.2424049258811,5370056.00,537
-79.8014113675126,43.2481742740006,5370057.00,537
-79.8112811153759,43.2500609586663,5370058.00,537
-79.8212832482139,43.2523292479917,5370059.00,537
-79.8807653740478,43.2787495411054,5370065.00,537
-79.8565405014846,43.2825974674722,5370066.00,537
-79.8380704153783,43.2813451461383,5370067.00,537
-79.8175149781304,43.2835332314404,5370068.00,537
-79.4545111252316,43.6505668454826,5350051.00,535
-79.4481119665184,43.6509389935129,5350052.00,535
-79.3946134586516,43.6458444842419,5350011.00,535
-79.3821473013479,43.6485863524001,5350014.00,535
-79.3753810738029,43.6505875222913,5350015.00,535
-79.3638837238071,43.6537516850899,5350016.00,535
-79.3775753775162,43.6692553537111,5350064.00,535
-79.373088694087,43.6652711929054,5350066.00,535
-79.3651043164659,43.6704107915458,5350067.00,535
-79.3622437973265,43.6652329673256,5350068.00,535
-79.3505992092794,43.6692190988903,5350069.00,535
-79.8874734048504,43.2674717403007,5370047.00,537
-79.8729143612063,43.2598876986028,5370048.00,537
-79.8630830269824,43.2572745570965,5370049.00,537
-79.8534840007475,43.254298500567,5370050.00,537
-79.8436600953085,43.2517707271234,5370051.00,537
-79.8339165002295,43.2490249827903,5370052.00,537
-79.823801310052,43.2462423196627,5370053.00,537
-79.8138191166023,43.2439772044354,5370054.00,537
-79.3462953181151,43.6582415363547,5350018.00,535
-79.3347574464938,43.6608241906894,5350019.00,535
-79.315606701071,43.6639644112057,5350020.00,535
-79.8311259030746,43.2549175036208,5370060.00,537
-79.8410707673271,43.2575833328499,5370061.00,537
-79.8510013080504,43.2600461159599,5370062.00,537
-79.8610150629187,43.2624239754402,5370063.00,537
-79.8710702452031,43.2647218103721,5370064.00,537
-79.4265235908967,43.685357698372,5350165.00,535
-79.3611374873636,43.6619023918342,5350031.00,535
-79.3713881337935,43.6608514461258,5350032.00,535
-79.36952200289,43.6565447613074,5350033.00,535
-79.38495209317,43.6561086678786,5350035.00,535
-79.3924689476685,43.6518394509878,5350036.00,535
-79.3942961190942,43.6563690134604,5350037.00,535
-79.4027917121379,43.6547644095518,5350038.00,535
-79.4419637575709,43.6544158902699,5350053.00,535
-79.4327854740392,43.6564086615025,5350054.00,535
-79.4260458229107,43.6577954898731,5350055.00,535
-79.4207107447884,43.6588574455952,5350056.00,535
-79.414313623986,43.6625121647314,5350057.00,535
-79.4126519031225,43.6581751264015,5350058.00,535
-79.5343358371975,43.6565655872389,5350224.00,535
-79.5274007716754,43.6683004282005,5350231.00,535
-79.3784147749328,43.7216811999118,5350265.00,535
-79.391845768517,43.7386092325263,5350266.00,535
-79.2751417329025,43.7460874268405,5350352.00,535
-79.2936461812413,43.6693598184641,5350021.00,535
-79.2865826325473,43.6764305324809,5350022.00,535
-79.2950968690557,43.6755804830501,5350023.00,535
-79.3046984182031,43.6722344688057,5350024.00,535
-79.3137433050531,43.6713807541613,5350025.00,535
-79.3225441016746,43.6673372282846,5350026.00,535
-79.5065932347844,43.6055294318475,5350208.00,535
-79.3151531263562,43.6773189650091,5350077.00,535
-79.3047698461702,43.6805317191048,5350078.00,535
-79.2925026730994,43.6839643170489,5350079.00,535
-79.401144490731,43.6501080085096,5350039.00,535
-79.4087357463,43.6489931394345,5350040.00,535
-79.4107925897673,43.6535741793299,5350041.00,535
-79.4201173103465,43.6522098149825,5350042.00,535
-79.5018847816902,43.6280968128125,5350215.00,535
-79.3737028272032,43.6837662664517,5350086.00,535
-79.378422909507,43.6771353499224,5350087.00,535
-79.3839613675964,43.6725547910181,5350088.00,535
-79.3920671613476,43.6718516360999,5350089.00,535
-79.3124429827458,43.7207239910286,5350261.00,535
-79.6307186247589,43.8634335917173,5350413.01,535
-79.2584665897357,43.7219777073282,5350345.00,535
-79.2794593761999,43.721039154746,5350347.00,535
-79.2917939513715,43.7183114802681,5350348.00,535
-79.3036413811708,43.7339493258318,5350349.00,535
-79.2462746686143,43.7502559265446,5350354.00,535
-79.2291632278854,43.7519810036826,5350356.00,535
-79.397349259142,43.7309382284445,5350142.00,535
-79.4929027305691,43.654395836667,5350150.00,535
-79.3191506789838,43.6862595377334,5350081.00,535
-79.3927449749519,43.6768342578445,5350090.00,535
-79.4092750778844,43.6703076370148,5350092.00,535
-79.4165415357371,43.6687536209868,5350093.00,535
-79.5264750740771,43.6965093860231,5350241.00,535
-79.4132958114658,43.7417345006941,5350275.00,535
-79.4229352473686,43.7160163853423,5350277.00,535
-79.4351102870998,43.7125624341664,5350278.00,535
-79.3874058432102,43.6419716031488,5350012.03,535
-79.5012273164482,43.6625414075235,5350151.00,535
-79.4886138659747,43.6630594362294,5350152.00,535
-79.4912013327476,43.6688881379329,5350153.00,535
-79.313124132987,43.7121184684075,5350192.00,535
-79.3260461661378,43.706142825302,5350193.00,535
-79.4906136330553,43.6174757736262,5350201.00,535
-79.4930218111806,43.6090589067083,5350202.00,535
-79.4976653201301,43.6082741247987,5350203.00,535
-79.188719668685,43.7731798062058,5350359.00,535
-79.5038416807944,43.6743095283557,5350154.00,535
-79.4800753859905,43.677394749304,5350155.00,535
-79.8645456902681,43.5350104466006,5350620.01,535
-79.491290491395,43.6844201879562,5350157.00,535
-79.4772217783878,43.6854707110761,5350158.00,535
-79.264910825392,43.7654883199614,5350369.00,535
-79.2974902775141,43.7554847177251,5350371.00,535
-79.4283505610935,43.6959011064602,5350166.00,535
-79.4400170525227,43.6944727971967,5350168.00,535
-79.4587599212513,43.6976656718509,5350170.00,535
-79.470315101579,43.6949816194125,5350171.00,535
-79.4837795306351,43.6923667681222,5350172.00,535
-79.4958875206987,43.689013059897,5350173.00,535
-79.3644357870535,43.6938556073498,5350186.00,535
-79.3359123802193,43.6972514032101,5350187.00,535
-79.3238996527115,43.6979859121828,5350188.00,535
-79.3074903504397,43.7011309630658,5350189.00,535
-79.3035633339783,43.7108131552487,5350191.00,535
-79.5047395275625,43.5979001575561,5350204.00,535
-79.5151151662321,43.5938899473997,5350205.00,535
-79.5185868238413,43.6015431489417,5350207.00,535
-79.5410560014046,43.6698044635216,5350232.00,535
-79.5531346808793,43.667129885188,5350233.00,535
-79.5652271159864,43.6644996348234,5350234.00,535
-79.5679865710668,43.8314158432583,5350412.26,535
-79.4589836812711,43.6876766642943,5350160.00,535
-79.4517891291097,43.6893674020044,5350161.00,535
-79.4443534056781,43.6903209604787,5350162.00,535
-79.440678669825,43.6829677444692,5350163.00,535
-79.434704003262,43.6856276532979,5350164.00,535
-79.8088029528522,43.680748641152,5350576.29,535
-79.4980967744466,43.6190279977322,5350209.00,535
-79.5370677682424,43.6065879136087,5350211.00,535
-79.5060252043819,43.6893358007858,5350174.00,535
-79.5125864700201,43.7053490755685,5350176.00,535
-79.2968982440021,43.6930129215054,5350180.00,535
-79.3210801943317,43.691620158181,5350182.00,535
-79.6037876164751,43.5843278299061,5350512.00,535
-79.4976617986632,43.6397212236151,5350216.00,535
-79.4861628431083,43.6367880695159,5350217.00,535
-79.5093501705033,43.6442555230975,5350218.00,535
-79.5185338136333,43.6517304460097,5350226.00,535
-79.5087397568991,43.6512086758838,5350227.00,535
-79.5024974859006,43.6556957889557,5350228.00,535
-79.5112631995107,43.656498693672,5350229.00,535
-79.2911889667789,43.7366347549059,5350350.00,535
-79.1888157296943,43.7518597898689,5350330.00,535
-79.5865091005566,44.116292712622,5350481.01,535
-79.9037613630755,43.2383549221271,5370014.00,537
-79.91187636591,43.239259931423,5370015.00,537
-79.550233023508,43.6017785158194,5350212.00,535
-79.5243983437397,43.6312675339511,5350214.00,535
-79.47073879469,43.7435618639437,5350296.00,535
-79.5148647788026,43.637985696853,5350219.00,535
-79.5680631269156,43.630437885018,5350220.00,535
-79.5154879879724,43.6923249398121,5350242.00,535
-79.5635554034611,43.7191713228822,5350245.00,535
-79.5697523570829,43.7297515655049,5350246.00,535
-79.5695941207023,43.8525417751111,5350413.02,535
-79.7081794455681,43.5517992183685,5350516.37,535
-79.7228579863156,43.5392322193758,5350516.38,535
-79.7953979791851,43.5895364713155,5350516.39,535
-79.8220853315352,43.2149155270447,5370006.00,537
-79.8361644088631,43.2223183365463,5370007.00,537
-79.8454832319323,43.2246900006291,5370008.00,537
-79.8549698576501,43.226983517651,5370009.00,537
-79.8649612418204,43.2294818395106,5370010.00,537
-79.2770890628307,43.9576526440205,5350430.08,535
-79.3704751982192,43.7830584570157,5350304.03,535
-79.3507733776051,43.7765328075783,5350304.04,535
-79.0179510257761,43.905608699183,5350805.14,535
-79.4943312682156,43.7571282038398,5350311.02,535
-79.5031720495867,43.7541790958019,5350311.03,535
-79.8317266782175,43.699498282637,5350576.53,535
-79.4238598861714,43.6672501040629,5350094.00,535
-79.429322259903,43.6660797618605,5350095.00,535
-79.4514984651246,43.6628445383785,5350098.00,535
-79.4570371924379,43.6588882230569,5350099.00,535
-79.8651912732221,43.2477245695553,5370034.00,537
-79.8555571834398,43.2492723194514,5370035.00,537
-79.8644959371927,43.2530754967601,5370036.00,537
-79.8746985938094,43.2564355751617,5370037.00,537
-79.7683069208617,43.7692888144825,5350576.54,535
-79.7575036934395,43.7665761459745,5350576.55,535
-79.7000073764518,43.7753897666584,5350576.56,535
-79.689316455336,43.7645849834585,5350576.57,535
-79.7760809649596,43.7608452918763,5350576.58,535
-78.779779534922,43.9036466817495,5320202.12,532
-79.8539489897774,43.3125407290105,5370201.00,537
-79.8591919037165,43.2984357947972,5370202.00,537
-79.8321855559248,43.3131712158266,5370203.00,537
-79.8137888484914,43.312705473962,5370204.00,537
-78.8937701817555,43.9189496071041,5320013.00,532
-78.9442667297056,43.8726811569041,5320103.00,532
-78.95079945627,43.8876242763857,5320104.00,532
-79.7970413521475,43.2674793321637,5370069.00,537
-79.7760417708905,43.2538062014961,5370070.00,537
-79.7825408828147,43.2403347077571,5370071.00,537
-79.7419107396456,43.5632036941624,5350516.41,535
-79.4067334796358,43.7711965364866,5350307.07,535
-79.7852601167793,43.2787609920083,5370073.00,537
-79.7517696176689,43.5550512595903,5350516.42,535
-79.717218457169,43.562163189964,5350516.43,535
-79.7229092323993,43.5574999996043,5350516.44,535
-79.6333626373183,43.5898382915016,5350520.09,535
-79.6384708193399,43.5868493834592,5350520.10,535
-79.6365319657449,43.6154614486015,5350528.44,535
-79.6447506994728,43.6086207672203,5350528.45,535
-79.7045007788882,43.5992166675296,5350528.46,535
-79.8724975757038,43.3203159229192,5370200.00,537
-79.274866851281,43.9748322712235,5350430.07,535
-79.7853293741512,43.3327164394747,5370215.00,537
-79.730030296581,43.7078361489344,5350562.12,535
-79.3776232721461,43.656427879292,5350034.02,535
-79.7684219173968,43.6662735761868,5350572.09,535
-79.7731781068566,43.6624909864128,5350572.10,535
-79.7952457877527,43.6899887850242,5350573.10,535
-79.8058576846257,43.7238899350648,5350576.33,535
-79.8136852759086,43.7164770843022,5350576.34,535
-79.81227921978,43.6927889284934,5350576.44,535
-79.4221803610349,43.7589218807829,5350299.01,535
-79.412764313879,43.7634617101094,5350299.02,535
-79.9372878909201,43.3666018962153,5370144.02,537
-79.7785310497636,43.1068169026731,5370100.02,537
-79.6796486670998,43.7434750901563,5350576.40,535
-79.8262873063837,43.6899494154474,5350576.41,535
-79.820259434321,43.6824254891812,5350576.42,535
-79.8089380515923,43.6987978726377,5350576.43,535
-79.3965366651219,43.6388432492647,5350012.01,535
-79.3794773746562,43.6607612181664,5350034.01,535
-79.3832338595098,43.7712508992637,5350305.03,535
-79.3732113181344,43.7675743136613,5350305.04,535
-79.4122033654575,43.7705409900288,5350307.03,535
-79.4103000579883,43.7647281325583,5350307.04,535
-79.4133996468071,43.778515703152,5350307.05,535
-79.4124136917416,43.7755714803066,5350307.06,535
-79.2579308724546,43.7756926353886,5350368.01,535
-79.2532737758956,43.7627746409752,5350368.02,535
-79.918674391518,43.2110665928972,5370002.05,537
-79.9021542775238,43.2065815980633,5370002.06,537
-79.7997359039235,43.1914836343684,5370080.06,537
-79.7791042346635,43.1882054773219,5370080.07,537
-79.9305802606424,43.1608606837777,5370101.01,537
-79.8772113471474,43.1445493802798,5370101.02,537
-80.0113990717445,43.41819669597,5370144.01,537
-79.7560016496709,43.7229217966147,5350562.15,535
-79.2338389097688,43.969938316399,5350430.05,535
-79.8065347959482,43.3285350072366,5370206.00,537
-79.6954519898235,43.5954542028733,5350528.47,535
-79.8233162145167,43.3489324463883,5370208.00,537
-79.8213400722485,43.3574445106801,5370209.00,537
-79.8129696403694,43.3525492569355,5370210.00,537
-79.8060867667512,43.3428831103404,5370211.00,537
-79.8036215362622,43.3345554198874,5370212.00,537
-79.7958670290291,43.3291079375598,5370213.00,537
-79.7938601033445,43.3383108448214,5370214.00,537
-79.7725698940898,43.3423288356583,5370216.00,537
-79.7201309008675,43.6424776765731,5350528.48,535
-79.7708463616668,43.3669161945837,5370218.00,537
-79.7563010289047,43.3565124567329,5370219.00,537
-79.7363215059124,43.3685712787481,5370220.00,537
-79.7435051582901,43.3724606627732,5370221.00,537
-79.7327308367262,43.6329531832903,5350528.49,535
-79.3761555068356,43.6456170926309,5350013.01,535
-79.7069262378235,43.6906904131655,5350562.13,535
-79.7509092896632,43.7274679799596,5350562.14,535
-79.2371984904017,43.9622524753494,5350430.06,535
-79.8006862764243,43.6858387189856,5350573.11,535
-79.8232355594784,43.7341777122513,5350576.31,535
-79.8246919445234,43.7247966216622,5350576.32,535
-79.7299236645293,43.5426484962598,5350516.49,535
-79.8380331481654,43.6953434020393,5350576.52,535
-79.3745968565835,43.64231990277,5350013.02,535
-79.4276081508373,44.0204333980487,5350442.06,535
-79.4938256189033,43.7478404514135,5350311.04,535
-79.0081450374102,43.8784784229696,5350805.15,535
-79.5274029199928,43.7647487839752,5350316.01,535
-79.0366141846182,43.8901328920502,5350805.16,535
-79.8209772318343,43.7050004202729,5350576.50,535
-79.4667052661882,44.0120755932113,5350442.04,535
-79.4546910472517,44.0143136413337,5350442.05,535
-79.3127624625413,43.8940372893517,5350403.09,535
-79.509617747408,43.7546999445409,5350312.02,535
-79.5222116199972,43.7444955917176,5350312.03,535
-79.5755719756072,43.7554104911296,5350315.01,535
-79.564706757834,43.750180726219,5350315.02,535
-79.374421613391,43.7962600240801,5350324.01,535
-79.3635056018784,43.798672492777,5350324.02,535
-79.3462222862447,43.8036657530517,5350324.03,535
-79.3245637710371,43.7849480597145,5350375.01,535
-79.3099040594206,43.8286662017609,5350401.19,535
-79.3046198243618,43.7842369312735,5350375.03,535
-79.2975488609184,43.7969417603714,5350376.01,535
-79.3038217957283,43.8045560247609,5350376.02,535
-79.2521668936344,43.8907867190398,5350400.02,535
-79.3582671859587,43.8199093992413,5350402.01,535
-79.4090290136384,43.8046643894411,5350402.02,535
-79.4114440341359,43.8202173840404,5350402.03,535
-79.2717314609382,43.8391890779753,5350400.17,535
-79.2719725131362,43.8340360887178,5350400.18,535
-79.3178995814469,43.8464117384975,5350401.18,535
-79.753223601189,43.7794640567321,5350576.66,535
-79.7498983052295,43.7714085894381,5350576.67,535
-79.2847273908546,43.8336088962185,5350401.20,535
-79.2789416713756,43.8357130534814,5350401.21,535
-79.2941818948703,43.8588388731101,5350401.22,535
-79.2931406098139,43.8500065953023,5350401.23,535
-79.3704728479094,43.8392203836155,5350402.12,535
-79.3784725017415,43.831535655358,5350402.13,535
-79.3000608535292,43.8976897053168,5350403.10,535
-79.2795715780188,43.9022570757829,5350403.11,535
-79.2540507133713,43.9075262329752,5350403.12,535
-79.2537988391325,43.8982728977367,5350403.13,535
-78.6383613660203,43.8979018788504,5320202.15,532
-79.429764931471,43.8872443746117,5350422.02,535
-79.8000553745443,43.1491903423622,5370100.01,537
-79.7357066453374,43.4514575543885,5350612.19,535
-79.7429102144198,43.4442266333421,5350612.20,535
-79.7725354392618,43.7520385454482,5350576.59,535
-79.6774339924617,43.7968266718746,5350576.60,535
-79.6705297412402,43.7884497886645,5350576.61,535
-79.6638318296872,43.7792700977473,5350576.62,535
-79.6873595527555,43.7818035045287,5350576.63,535
-79.6748635769473,43.7714650305108,5350576.64,535
-79.6594606256126,43.7695474071684,5350576.65,535
-79.8155097321347,43.4088966671341,5370224.01,537
-79.7491854881356,43.4527377762792,5350612.18,535
-79.8021015850207,43.3938531505718,5370223.13,537
-79.8090772556296,43.3936640562912,5370223.14,537
-78.7427675632442,43.8878471219586,5320202.14,532
-79.3287809940094,43.7119673395497,5350260.01,535
-79.7378199450674,43.7793508499148,5350576.68,535
-78.7926658894629,43.8823869333293,5320202.13,532
-78.8392261138622,43.864786993032,5320002.01,532
-78.8586537062866,43.8741637703875,5320002.02,532
-78.8129239207289,43.8888650150346,5320008.01,532
-78.8312417824955,43.8956439850339,5320008.02,532
-79.2777228733101,43.893108598644,5350403.14,535
-79.7680346872563,43.7150883819378,5350575.08,535
-79.6209927092834,43.8250854036841,5350412.19,535
-79.6156326444982,43.8166071468079,5350412.20,535
-79.2356101163124,43.9813507085894,5350430.03,535
-79.2947122018303,43.7898123303883,5350376.15,535
-79.2937310812171,43.7835937268577,5350376.16,535
-79.5705696017555,43.680160516286,5350237.01,535
-79.5625311633302,43.6886565854573,5350237.02,535
-79.5590482369901,43.6801967197757,5350237.03,535
-79.8150421670344,43.3885876058643,5370223.15,537
-79.8223256738046,43.3868146509061,5370223.16,537
-79.5947647166414,43.7559674895148,5350249.01,535
-79.3534861078407,43.7703339901189,5350301.01,535
-79.7240395099872,43.7718862272922,5350576.69,535
-79.3536602615196,43.7827847034033,5350304.01,535
-79.3598320936804,43.7785721410905,5350304.02,535
-79.82810153438,43.708461509821,5350576.49,535
-79.3141059432799,43.7808278242246,5350375.02,535
-79.5155273071394,43.8596783554805,5350411.15,535
-79.8828808342133,43.4154363147919,5370224.02,537
-79.4032246309862,43.7863803841939,5350322.02,535
-79.0387113380133,43.8539391717594,5350805.18,535
-78.6845400223866,43.896415758729,5320205.02,532
-79.2474544327162,43.7414114635733,5350355.05,535
-79.2424807290359,43.7427858728506,5350355.06,535
-79.2504590764837,43.7076748800919,5350337.01,535
-79.9509945306426,43.2695767726152,5370132.00,537
-79.4389182613063,43.9276150392212,5350424.15,535
-80.0213413738508,43.3483972393306,5370143.00,537
-79.4686982785639,44.0693494042061,5350452.07,535
-79.5253523041717,43.8365416697134,5350411.23,535
-79.7623623215549,43.2230453818474,5370082.00,537
-79.7510893295447,43.2211398919311,5370083.00,537
-79.2090669254624,43.8816154600957,5350400.21,535
-79.7194463718279,43.4809851477419,5350612.26,535
-79.4968663355393,44.0568845708812,5350452.05,535
-79.4910729587252,44.0642208270218,5350452.06,535
-79.7133781311404,43.4734004139252,5350612.27,535
-79.5136617639266,43.8924539621192,5350411.16,535
-79.4773317538717,43.8725451087737,5350411.17,535
-79.2020501479515,43.8634080191837,5350400.22,535
-79.6519060795234,43.2132722132593,5370086.00,537
-80.0903714176884,43.2164043515115,5370121.00,537
-79.0374830400653,43.8820135819152,5350805.17,535
-79.3388465807999,43.717480825556,5350260.06,535
-79.4936536471673,43.8505300398219,5350411.18,535
-79.4730394536243,43.8543516508735,5350411.19,535
-79.2302514847491,43.8892331287254,5350400.19,535
-79.2079879434782,43.8943836819871,5350400.20,535
-79.7593760062306,43.2150359176143,5370081.00,537
-79.7924718403049,43.660877429625,5350576.71,535
-79.8048038806454,43.6385604197782,5350576.72,535
-79.9678186636214,43.218936351418,5370123.00,537
-79.9751567761264,43.2412834262461,5370124.00,537
-79.4658091594344,43.9301130635196,5350424.14,535
-79.9192671203415,43.2831008212584,5370131.00,537
-79.976453540879,43.290676219438,5370141.00,537
-79.4605786548229,43.9124154647013,5350424.16,535
-79.8961990874889,43.6335657031361,5350631.03,535
-79.8834801584481,43.6268117138972,5350631.04,535
-79.3548998116071,44.1444041121058,5350455.00,535
-79.2409411379059,43.8486528913566,5350400.23,535
-79.5409475295038,43.8384612960352,5350411.21,535
-79.4089029672146,43.9357141113087,5350424.13,535
-79.7374978412181,43.5505335122951,5350516.46,535
-79.7450841196872,43.5444434882708,5350516.47,535
-79.7612379699484,43.7192381151693,5350575.07,535
-79.4474614741961,43.7094756440776,5350279.01,535
-79.5290883749813,43.8456425798281,5350411.22,535
-79.5454425839464,43.861565722142,5350411.24,535
-79.5436029337596,43.8521789797982,5350411.25,535
-78.6991621712815,43.9425338877586,5320202.16,532
-79.7583776401041,43.442416901908,5350612.21,535
-79.4610417833144,43.7068872605613,5350279.02,535
-79.4968861613544,43.7076192259631,5350283.01,535
-79.4990212229233,43.7147715203228,5350283.02,535
-79.4396655189921,43.7290489714053,5350287.02,535
-79.5039119964234,43.7310883093796,5350294.01,535
-79.5034131307682,43.7376358893137,5350294.02,535
-79.8480937396813,43.496607708001,5350620.12,535
-79.8388534062596,43.4988313283928,5350620.13,535
-79.9171231528017,43.6405944538336,5350634.01,535
-79.8355065901365,43.5134284874331,5350620.07,535
-79.8509530611135,43.5280652913968,5350620.08,535
-79.9012520908904,43.643733872245,5350634.02,535
-79.864601801313,43.481680981016,5350620.11,535
-79.4142235829445,43.7833687299359,5350322.01,535
-79.8485717896743,43.6799400629964,5350576.70,535
-79.7664697061914,43.4354502113916,5350612.22,535
-79.754180824271,43.4320115180872,5350612.23,535
-79.6951457950636,43.4977516992838,5350612.24,535
-79.6984254697786,43.488901151389,5350612.25,535
-79.8309988604882,43.523410001287,5350620.05,535
-79.8418716687339,43.5186156690215,5350620.06,535
-79.7607848626471,43.3844053903478,5370222.01,537
-79.7537515401858,43.3771390573712,5370222.02,537
-79.7457307976516,43.3813014403947,5370222.03,537
-78.6067021685263,43.9136904898265,5320201.01,532
-78.5578212327518,43.9194938059836,5320201.02,532
-79.7407590134651,43.7552726596424,5350576.46,535
-78.7879148954387,43.9221425763306,5320202.17,532
-79.8455101036626,43.5247241031504,5350620.09,535
-79.88720078053,43.4966881981581,5350620.10,535
-79.7307171111975,43.7831323685496,5350576.47,535
-79.7487993086381,43.7599579522348,5350576.45,535
-79.0040503980884,43.8457035579768,5350805.20,535
-78.999521154271,43.8628091706697,5350805.21,535
-79.3518952459802,43.6861409734087,5350185.01,535
-79.3081682382118,43.7308599519672,5350262.01,535
-79.3190527227507,43.7346274213926,5350262.02,535
-79.3258900356896,43.756532027846,5350270.01,535
-79.3293379016036,43.7466723964266,5350270.02,535
-79.3664450714345,43.7603139866175,5350273.01,535
-79.3732956273951,43.7539038011376,5350273.02,535
-79.4260125858858,43.7345551450317,5350276.01,535
-79.4231294777789,43.725317036484,5350276.02,535
-79.3430821412295,43.6628723775989,5350028.01,535
-78.8692644609848,43.8636052511279,5320002.03,532
-78.8870297896758,43.8829726834217,5320003.01,532
-78.894512079048,43.9002626479962,5320003.02,532
-79.2497265041859,43.7019019756713,5350337.02,535
-78.8204294969822,43.9001325110989,5320008.03,532
-79.3744723489084,43.6706688008487,5350065.01,535
-78.8476732117614,43.9050021522269,5320009.01,532
-78.8446396644868,43.9157554953034,5320009.02,532
-78.8505029131339,43.9296171634436,5320009.03,532
-78.8686477735919,43.9221518780437,5320014.01,532
-79.481320943397,43.6424832418906,5350050.01,535
-79.4411303338508,43.660844555655,5350097.01,535
-79.3725140432585,43.6694767069637,5350065.02,535
-79.3377967664985,43.6651415631697,5350028.02,535
-79.3810991295132,43.6694804476056,5350063.03,535
-79.3791706152222,43.6648828644136,5350063.04,535
-79.7842468289887,44.1330065261398,5350484.04,535
-79.3933534613493,43.7043585378287,5350128.02,535
-79.4925508408248,43.6766152392725,5350156.01,535
-79.4858849278502,43.6805887846212,5350156.02,535
-79.4454917935447,43.6986397232771,5350169.01,535
-79.4455587028413,43.7025057875686,5350169.02,535
-79.5101603005229,43.6981963354382,5350175.01,535
-79.5258375169909,43.7040532110304,5350175.02,535
-79.3438675112321,43.6867828275561,5350184.01,535
-79.3467347916666,43.6943376008004,5350184.02,535
-79.357078574601,43.6900406385324,5350185.02,535
-79.2940745295787,43.698124506302,5350190.01,535
-79.2999640400339,43.705190649546,5350190.02,535
-79.5778142375136,43.6360153303875,5350221.01,535
-79.5662880593067,43.6405002109129,5350221.02,535
-79.5541551004703,43.6425721147576,5350222.01,535
-79.5581608761905,43.6514353254825,5350222.02,535
-78.8434698243059,43.9504174022868,5320016.03,532
-79.1857308214956,43.8290301275071,5350378.27,535
-79.5158784739662,43.6697489296756,5350230.01,535
-79.5171866677986,43.6805188980435,5350230.02,535
-79.5791511258766,43.6678140226451,5350235.01,535
-79.5753671581971,43.6573244019899,5350235.02,535
-79.5711004185317,43.6487685041566,5350236.01,535
-79.9529341726255,43.2161058005439,5370120.03,537
-79.9366463430209,43.2184094054854,5370120.04,537
-79.6402159476771,43.7150972945742,5350529.02,535
-78.7905494347738,43.9360607195934,5320202.18,532
-79.3259522344893,43.7206088234493,5350260.07,535
-79.3335083641009,43.6907342755955,5350183.01,535
-79.3332442108526,43.6870673832582,5350183.02,535
-79.370234920419,43.7044393934436,5350196.02,535
-79.2591977663694,43.7468993489975,5350353.02,535
-79.3626163483021,43.7165136680508,5350195.01,535
-79.2353641873284,43.7448817878033,5350355.02,535
-79.2186190468486,43.7550996546634,5350357.01,535
-79.2084385283829,43.7585093923756,5350357.02,535
-79.1862948294344,43.7595316304691,5350358.01,535
-79.1800640306851,43.7663404815165,5350358.02,535
-79.2364044424992,43.825763379962,5350378.25,535
-78.9854865392224,43.9276472362825,5320105.14,532
-78.9427024635117,43.9388038889347,5320105.15,532
-79.7181875708237,43.5794744178418,5350550.02,535
-79.7399323378549,43.7154208996249,5350562.02,535
-79.7460818734859,43.7370260072157,5350562.03,535
-79.7390718381155,43.7322370094616,5350562.04,535
-79.4486167595217,43.7555382423971,5350297.01,535
-79.4468545421643,43.7493785485771,5350297.02,535
-79.3320893834579,43.7796460602815,5350302.01,535
-79.3364532512195,43.7889750826436,5350302.02,535
-79.3476628665872,43.7906211222707,5350304.05,535
-79.3607291936813,43.7882047862729,5350304.06,535
-79.2251616874736,43.8328323953674,5350378.26,535
-79.2028762392764,43.818742016074,5350378.28,535
-79.6434700600842,43.7268401430992,5350531.01,535
-79.7266551113261,43.7242416156684,5350562.05,535
-79.7355910361581,43.7467994197375,5350562.06,535
-79.7285934301913,43.7415560586152,5350562.07,535
-79.7213732585731,43.7368037685707,5350562.08,535
-79.7155236063379,43.7314615658292,5350562.09,535
-79.7197625548318,43.7177366814047,5350563.01,535
-79.7141427212079,43.7130166623501,5350563.02,535
-79.4347200778992,43.7695495088841,5350308.02,535
-79.5213965972539,43.7518133114441,5350312.04,535
-79.3822983207994,43.6642494346006,5350063.06,535
-79.448854769268,43.787756995825,5350317.02,535
-79.4421426183946,43.7869944396409,5350320.01,535
-78.9666425503732,43.9609396860261,5320105.16,532
-78.9928680974872,43.9874966341309,5320105.17,532
-79.4300823750659,43.7934618571676,5350320.02,535
-79.3852273187336,43.7902719101299,5350323.01,535
-79.3853003939558,43.8008170441982,5350323.02,535
-79.3919811847606,43.7003246071221,5350128.05,535
-79.6343731448059,43.730361480098,5350531.02,535
-79.6530638116742,43.7161082429991,5350532.01,535
-79.6489088877227,43.721809898639,5350532.02,535
-79.5906443898571,43.5462578014103,5350540.01,535
-79.5781872034115,43.5582199760466,5350540.02,535
-79.736643188144,43.5970418791865,5350550.01,535
-78.9017814862188,43.936764309637,5320015.04,532
-79.2040710209289,43.745006772207,5350331.01,535
-79.3916125381752,43.6988430526442,5350128.06,535
-79.3739783516031,43.7143694480622,5350196.01,535
-79.2773905059586,43.6946909326311,5350341.02,535
-79.2671821671419,43.7233473090446,5350346.01,535
-79.2731745496966,43.7283673359913,5350346.02,535
-78.8774041300223,43.8975704020876,5320012.01,532
-79.1946369312164,43.76260648649,5350358.03,535
-78.883556433218,43.9284236537907,5320015.03,532
-79.0573085875565,43.8697643643609,5350820.04,535
-78.6948159603546,43.8994830205944,5320205.01,532
-78.8826484809034,43.9060071403558,5320012.02,532
-79.4818609567976,43.6170832992779,5350200.01,535
-79.0689307032278,43.866771995357,5350820.05,535
-79.0539486942362,43.8499516554509,5350820.06,535
-79.064007705583,43.8584348009974,5350820.07,535
-79.5901849305657,43.6513545877386,5350236.02,535
-79.5469097272722,43.6829419727652,5350238.01,535
-79.5507776133106,43.6915057354337,5350238.02,535
-79.5346255621287,43.6865878745449,5350240.01,535
-79.5225265391598,43.6877058085547,5350240.02,535
-78.8730890454131,43.9308546515699,5320014.02,532
-79.5727157739557,43.7395483583632,5350250.01,535
-79.5574093922912,43.7370393436252,5350250.02,535
-79.0444093662273,43.8603067375494,5350805.19,535
-79.5532846560774,43.6969955415131,5350243.01,535
-79.5572920321478,43.7004069108424,5350243.02,535
-79.3842028571743,43.6687887118565,5350063.05,535
-79.5853596622282,43.7351905381762,5350248.02,535
-79.4125564073057,43.6339390755329,5350008.02,535
-79.7370924219596,43.2267640500257,5370084.01,537
-79.7411561936438,43.2173068641915,5370084.02,537
-79.5463819364623,43.6544062257498,5350223.01,535
-79.4794315853458,43.6261458907289,5350210.02,535
-79.4674961732829,43.6588313525529,5350102.04,535
-79.4640767981809,43.6595871429897,5350102.05,535
-79.4637676982807,43.6455561437193,5350050.03,535
-79.4741592510198,43.6457534268968,5350050.04,535
-79.5152728605625,43.6140639507431,5350210.01,535
-79.5768685916927,43.1664622377871,5370300.00,537
-79.3759836125514,43.8151813516835,5350402.04,535
-79.3919773803825,43.809876697211,5350402.05,535
-79.6070373745209,43.2038260720651,5370301.00,537
-79.5639528519208,43.1967589879614,5370302.00,537
-78.898351012171,43.9949142219328,5320016.04,532
-79.5421934436147,43.6453123047389,5350223.02,535
-79.8024718443212,44.160285727939,5350484.03,535
-79.0889802430044,43.8569052626466,5350804.13,535
-79.4242132317565,43.849141569211,5350420.14,535
-79.4166206588915,43.8529598694624,5350420.15,535
-79.4146670373769,43.8124924542776,5350402.06,535
-79.4107614905906,43.833077888552,5350402.07,535
-79.3968830196193,43.8291811065899,5350402.08,535
-79.0874842237901,43.8714441251241,5350804.12,535
-79.3647435537061,43.7072555448311,5350195.02,535
-79.3277318796769,43.7650918659111,5350272.02,535
-79.4772529516655,43.7259471350474,5350290.02,535
-79.4354475352776,43.6679735594766,5350096.01,535
-79.4335347379592,43.6634620846961,5350096.02,535
-79.4425163512684,43.6671995908156,5350097.03,535
-79.2840608465362,43.7876071592044,5350377.01,535
-79.755290259288,43.2442537623505,5370072.01,537
-79.2149297867969,43.7871523178051,5350363.02,535
-79.407694768067,43.7204289714056,5350139.01,535
-79.2061187216867,43.7761493352716,5350364.01,535
-79.212206702788,43.7668394099307,5350364.02,535
-79.235780219134,43.7715360653031,5350367.01,535
-79.2447968639462,43.767656374647,5350367.02,535
-79.2826977100508,43.7704060417863,5350370.01,535
-79.2765431483895,43.7594242050641,5350370.02,535
-79.2822243342589,43.7529976681467,5350370.03,535
-79.3133580152986,43.7730647811956,5350374.01,535
-79.3010803958185,43.7757650419901,5350374.02,535
-79.2912508738716,43.7780233446792,5350374.03,535
-79.3091096704586,43.7929146742841,5350375.04,535
-79.3183435620329,43.7896921509049,5350375.05,535
-79.406116005681,43.7147792550448,5350139.02,535
-79.9083361558662,43.2285702322584,5370003.03,537
-79.2741045295158,43.7880309019066,5350377.02,535
-79.2798873749799,43.8012883184243,5350377.03,535
-79.4419799285972,43.7204729068132,5350287.03,535
-79.2619746687069,43.7858775646205,5350378.02,535
-79.2197840734147,43.7944600172722,5350378.03,535
-79.2676388357533,43.8862754240498,5350400.03,535
-79.4348684488244,43.7223819276659,5350287.04,535
-79.4254874622031,43.7726527121584,5350308.03,535
-79.6241835188731,43.5013741580208,5350501.01,535
-79.5794176662703,43.7806593252573,5350412.01,535
-79.4510024205186,43.8721055942113,5350423.01,535
-79.4529686111518,43.8813237769006,5350423.02,535
-79.4777505906516,44.0022561169271,5350442.02,535
-79.4621592233818,44.0451610598349,5350451.01,535
-79.489637356445,44.0890383664081,5350456.02,535
-79.5698060316932,43.5660059021078,5350500.01,535
-79.0631003552453,43.8250546247777,5350800.02,535
-79.1017673715044,43.8175802394752,5350801.01,535
-79.1144529337955,43.8058423063126,5350801.02,535
-79.1088056024101,43.8405113680154,5350804.01,535
-79.4433497663092,43.664551790341,5350097.04,535
-79.5718087340794,43.5814692922022,5350509.01,535
-79.5488676191945,43.7165497946668,5350244.01,535
-79.5490988868287,43.7263889111264,5350244.02,535
-79.3473212935796,43.7270974119027,5350263.02,535
-79.3179447558082,43.7446447059692,5350271.01,535
-79.7730470552066,43.59666639583,5350516.02,535
-79.7623705359388,43.5900075957582,5350516.03,535
-79.0125218724611,43.8420634124971,5350810.01,535
-79.0092166511324,43.8353257289854,5350810.02,535
-79.770753049318,43.233951492198,5370072.02,537
-79.7577639982664,43.2319661009865,5370072.03,537
-79.7480637120855,43.2294532664869,5370072.04,537
-79.3199718478346,43.7507154152148,5350271.02,535
-79.3249439302034,43.7606053563766,5350272.01,535
-79.0077139084566,43.8268161694906,5350810.03,535
-79.0207193820656,43.831324930614,5350810.04,535
-79.8280858082528,43.1941099691274,5370001.01,537
-79.8482632184815,43.1937125159088,5370001.02,537
-79.4163433883195,43.6385792058922,5350008.01,535
-79.8971463805017,43.2173738825733,5370002.01,537
-79.7203010786331,43.6828021943669,5350570.01,535
-79.733715697779,43.6742697850959,5350570.02,535
-79.7485569136171,43.689829936863,5350571.01,535
-79.7429481034844,43.681137067273,5350571.02,535
-79.4794711686361,43.7308020051999,5350291.04,535
-79.494396268975,43.721893901134,5350290.01,535
-79.7679831797995,43.7006616901363,5350575.01,535
-79.7579428379566,43.6959925708708,5350575.02,535
-79.7574124622187,43.7097481395176,5350575.03,535
-79.7485618250876,43.7042116082474,5350575.04,535
-79.7698042059969,43.8559686290958,5350585.02,535
-79.7271633009245,43.8631079739137,5350585.03,535
-79.0892277173564,43.821807630401,5350800.01,535
-79.7886181382269,43.2084733689266,5370026.04,537
-79.6089765313504,43.5248741163036,5350501.02,535
-79.6470693316228,43.5057463039823,5350502.01,535
-79.6420249356174,43.5129679285039,5350502.02,535
-79.6281772371833,43.5322109407011,5350505.01,535
-79.6107721960524,43.5436557854927,5350505.02,535
-79.9117353114356,43.2210330336096,5370002.03,537
-79.9242919359612,43.2396252008217,5370003.01,537
-79.9206965772586,43.2306819824147,5370003.02,537
-79.5974767328071,43.7754443856213,5350412.02,535
-79.443628467806,43.8412350741277,5350421.01,535
-79.4190939830067,43.7726877335963,5350308.04,535
-79.8929742170229,43.2256815474519,5370003.04,537
-79.8788354412674,43.222551074229,5370004.01,537
-79.868831092054,43.220084204072,5370004.02,537
-79.8543356706602,43.2165125686686,5370005.01,537
-79.8400735239416,43.2129991162458,5370005.02,537
-79.8295182766369,43.211040883786,5370005.03,537
-79.7814575239863,43.227163985731,5370026.01,537
-79.7722157859739,43.2248288060304,5370026.02,537
-79.7754065225057,43.2154780553366,5370026.03,537
-79.8003106131437,43.21383842343,5370026.05,537
-79.5546670677605,43.5764420850305,5350500.02,535
-79.4426044728518,43.6484597562257,5350047.03,535
-79.4400990508304,43.6434652203274,5350047.04,535
-79.7083901757591,43.4576711550307,5350613.01,535
-79.7048796351625,43.1814800806795,5370080.01,537
-79.5610598333253,43.592508679978,5350509.02,535
-79.6015811943298,43.5729488106149,5350511.01,535
-79.5933634019235,43.5803104563829,5350511.02,535
-79.6344134692578,43.5546148949423,5350513.01,535
-79.6178213268014,43.5726536974016,5350513.02,535
-79.4679231012482,44.0525924932079,5350451.02,535
-79.452352182391,44.0664096901025,5350452.01,535
-79.4718608086162,44.0607969213011,5350452.02,535
-79.437305966285,44.1385032208867,5350456.01,535
-79.8428112118496,43.3482033019825,5370207.01,537
-79.8432169359257,43.3686528752636,5370207.02,537
-79.7906770149811,43.3488594403781,5370217.01,537
-79.7827197632987,43.3560426721932,5370217.02,537
-79.6110005382282,43.5949747917326,5350521.04,535
-79.6139442891313,43.5862691341134,5350521.05,535
-79.5947426571778,43.6062694607254,5350524.01,535
-79.5925667058876,43.6116369641771,5350524.02,535
-79.5887052551388,43.6179320594196,5350525.01,535
-79.6084983361664,43.5686880262425,5350513.03,535
-79.7567331459371,43.5737726895362,5350516.01,535
-79.7539878225481,43.5864696421939,5350516.04,535
-79.7478017865446,43.5760627048968,5350516.05,535
-79.742772762431,43.5809233510031,5350516.06,535
-79.4872290909316,43.7299769920475,5350291.03,535
-79.6896827415995,43.5388274859778,5350516.08,535
-79.6795909326282,43.5334574180222,5350516.09,535
-79.6472167683475,43.568327100928,5350520.01,535
-79.6400712693195,43.5786662971336,5350520.02,535
-79.6307698325236,43.5923654335339,5350521.01,535
-79.618056557438,43.6018573050113,5350521.02,535
-79.6215031458717,43.5894174440941,5350521.03,535
-79.5787618391765,43.6203385037512,5350525.02,535
-79.5953115988051,43.6225871397187,5350526.01,535
-79.5889364259125,43.6293142918878,5350526.02,535
-79.6484209696609,43.5905302909884,5350527.01,535
-79.604813562541,43.6298806884933,5350527.02,535
-79.6443711140728,43.7070228302485,5350529.01,535
-79.5479344203443,43.6226123239568,5350213.02,535
-79.4895418735272,43.607504193905,5350200.02,535
-79.546582603233,43.636272273586,5350213.01,535
-79.3571142280225,44.317136908281,5350475.00,535
-79.7875956392437,43.7187112347839,5350576.05,535
-79.2158557335095,44.1818288289591,5350832.00,535
-79.2801957958198,44.020416598939,5350431.01,535
-79.3499120888623,44.017703357081,5350431.02,535
-79.4722204553882,43.9917119077897,5350441.02,535
-79.7493270255829,43.4023613251392,5350612.01,535
-79.4478626109889,44.0578986904714,5350450.02,535
-79.4689225111296,44.0346163074805,5350451.03,535
-79.4350341097974,44.0734814908661,5350452.03,535
-79.5240015166969,43.9316978123586,5350460.01,535
-79.5413569004085,44.0233355539386,5350460.02,535
-79.6495060045307,43.9037111883889,5350461.01,535
-79.6610301098741,43.9586552167384,5350461.02,535
-79.2728130020617,43.8741220455339,5350400.08,535
-80.0937095533678,43.9144793245517,5350590.00,535
-79.4744243739616,43.969287653707,5350441.04,535
-79.2698927408658,43.8628568690537,5350400.04,535
-79.2406373134639,43.8851360369334,5350400.06,535
-79.5561573198167,43.7806300092687,5350412.04,535
-79.5211716541881,43.766092229997,5350316.03,535
-79.5162544186965,43.7691213024319,5350316.04,535
-79.4575991479058,43.7846955196569,5350317.03,535
-79.3412196849817,43.8347407035854,5350401.05,535
-79.3281229174092,43.8635149534161,5350401.06,535
-79.313024834208,43.8672354475717,5350401.07,535
-79.3240820341021,43.8738141892872,5350401.08,535
-79.4197228775022,43.8288597323902,5350402.09,535
-79.4570099507878,43.7920812540416,5350410.02,535
-79.4359315897044,43.8097223147113,5350410.03,535
-79.4533004504712,43.7986006681757,5350410.04,535
-79.4795334622132,43.7925096757317,5350411.01,535
-79.3910931347352,43.7538292283876,5350274.01,535
-79.4015845986219,43.7515498459762,5350274.02,535
-79.3138918324615,44.3675114247688,5350476.01,535
-79.2732118101967,44.3830775848243,5350476.02,535
-79.4951759013126,44.1488013470392,5350456.03,535
-79.4986497610237,43.7260442968664,5350291.02,535
-79.3378722461658,43.7974659949492,5350302.03,535
-79.4511626243284,43.7635787273429,5350310.01,535
-79.2522869469305,43.8809136413491,5350400.07,535
-79.3213812737083,43.8258202199003,5350401.04,535
-79.6205081123288,44.1204737167883,5350482.00,535
-79.297071696827,43.8135113383499,5350376.06,535
-79.3299868922375,43.8081270446938,5350376.04,535
-79.2843180198967,43.8093654290551,5350377.04,535
-79.4629818894706,43.7704672555275,5350310.02,535
-79.5145044072931,43.7524112862494,5350312.05,535
-79.5452321753449,43.7495133331416,5350314.01,535
-79.5545279341789,43.7451874776554,5350314.02,535
-79.5506086470624,43.7604686841566,5350315.03,535
-79.3914015700982,43.8205604140086,5350402.10,535
-79.1566761637247,43.7812815859606,5350361.01,535
-79.4324455783216,43.6355379965443,5350007.01,535
-79.4252659919384,43.6368401180283,5350007.02,535
-79.7830452099919,43.2005520518974,5370080.03,537
-79.8338907952493,43.3637423873319,5370207.03,537
-79.8361649791399,43.3554408851108,5370207.04,537
-79.2329370334208,43.8107367408453,5350378.06,535
-79.2645869327476,43.8136968450584,5350378.08,535
-79.2477176116811,43.7907477099828,5350378.07,535
-79.2333387069309,43.8003386597857,5350378.04,535
-79.2068942014222,43.8056932663003,5350378.05,535
-79.4001218139394,43.670385196576,5350091.01,535
-79.4017156325269,43.6748906694337,5350091.02,535
-79.4088676395386,43.7262568521642,5350141.01,535
-79.4102799287973,43.7316448706912,5350141.02,535
-79.3096446528661,43.6910629117531,5350181.01,535
-79.7488165317293,44.0194909880466,5350483.02,535
-79.3126219742186,43.6967696072452,5350181.02,535
-79.5394029710995,43.5905521380687,5350206.01,535
-79.5267890509185,43.5944296875339,5350206.02,535
-79.8097091921641,43.3613132927256,5370223.01,537
-79.8017471145051,43.3684762970787,5370223.02,537
-79.6359563514105,43.601271851082,5350527.03,535
-79.5957042357194,43.6374753381261,5350527.04,535
-79.7565217656698,43.6734572832742,5350572.01,535
-79.7767030657658,43.7072429519741,5350575.05,535
-79.7979286715068,43.7403140727214,5350576.04,535
-79.7231003455413,43.3839997848557,5350610.02,535
-80.0339568818209,43.5326263524338,5350626.00,535
-79.8922507752399,43.5870570940789,5350630.00,535
-79.8850788690767,43.6451963666348,5350632.00,535
-80.0324832302027,43.6293597177476,5350638.00,535
-80.0461654755792,43.6456636641061,5350639.00,535
-79.7151243134692,43.4478470481057,5350612.05,535
-79.707598386158,43.4842738214351,5350612.08,535
-79.680602218333,43.5090066478343,5350612.10,535
-79.6197460318358,43.5641468053477,5350513.04,535
-79.6671452010332,43.5207433887925,5350515.01,535
-79.6602594253995,43.5284491633721,5350515.02,535
-79.6841087574168,43.5554889589769,5350516.11,535
-79.864189562748,43.5173067374875,5350621.00,535
-79.8746729813924,43.5060805808633,5350622.00,535
-79.8855370179028,43.5169537939432,5350623.00,535
-79.8776378522281,43.5272550962168,5350624.00,535
-79.1690804677895,44.0478571031683,5350830.00,535
-79.8209948863068,44.0194120347951,5350483.01,535
-79.6433279058245,43.4822996509934,5350600.01,535
-79.6643236100199,43.4907159529812,5350600.02,535
-79.7419225285387,43.4238134564859,5350612.03,535
-79.1440276820264,43.7839213598738,5350361.02,535
-79.1571322564703,43.8039786168893,5350362.01,535
-79.1665631219906,43.7933916492566,5350362.02,535
-79.1838083634631,43.789254132707,5350362.03,535
-79.3089499916566,43.8157718789504,5350376.05,535
-79.9004468919341,43.5363502925093,5350625.00,535
-78.8542971812244,43.9131341400147,5320009.04,532
-78.9663854795788,43.8699866205736,5320100.02,532
-78.9728028133661,43.8826992517107,5320100.03,532
-78.9091782371159,43.8970586159947,5320101.02,532
-78.9214628291501,43.8942681073532,5320101.03,532
-78.6690702890667,43.9022201811969,5320204.00,532
-78.7658014495182,44.0121935886943,5320206.00,532
-79.9667704486269,43.2673301017767,5370133.02,537
-78.9349836670229,43.856685236119,5320100.01,532
-78.5617940286553,43.9996518701623,5320200.00,532
-79.1960398535963,44.2947432873101,5350470.00,535
-79.8948015859416,43.6548356053631,5350633.00,535
-79.9293469954801,43.6474859293483,5350635.00,535
-79.9330907460617,43.6556820722792,5350636.00,535
-79.977155314502,43.6498808734519,5350637.00,535
-78.8692644916998,43.8816045830812,5320004.01,532
-78.8732084929498,43.8897502326123,5320004.02,532
-79.3367584395282,44.2634029108554,5350471.00,535
-79.4828614153402,44.20056123069,5350472.00,535
-79.431694705971,44.3588796962747,5350474.00,535
-79.5958217004827,43.8279672722935,5350412.21,535
-79.5713553534708,43.8381022446018,5350412.22,535
-79.5529582108727,43.8366912297119,5350412.24,535
-79.9980328157243,43.2590492826681,5370133.01,537
-79.3196692185997,43.8113501509606,5350376.13,535
-79.317689694501,43.8147324558127,5350376.14,535
-79.2176035979064,43.8141806909157,5350378.16,535
-79.2088141925178,43.8118182004571,5350378.17,535
-79.139975309644,43.7964838726344,5350802.01,535
-79.2948120787454,43.8308655783854,5350401.13,535
-79.3426707343112,43.8630186898178,5350401.09,535
-79.3610388723605,43.8587234486319,5350401.10,535
-79.2710701096919,43.8491242879948,5350400.11,535
-79.650380407154,43.6033828778413,5350528.11,535
-79.3322985123449,43.8150357993026,5350376.09,535
-79.61200880352,43.7499296543817,5350249.03,535
-79.4199071690342,43.8645331252841,5350420.03,535
-78.860337723951,43.927359998446,5320009.05,532
-78.9312415373707,43.8920553040358,5320101.04,532
-79.1782815387356,43.8028219134066,5350362.04,535
-79.3134814092209,43.8023257550335,5350376.08,535
-79.5057554217999,43.8462609641785,5350411.04,535
-79.6158346249476,43.7407538986161,5350248.03,535
-79.5700091878779,43.7996429032128,5350412.06,535
-79.6097914374083,43.7888186002105,5350412.08,535
-79.2859431372733,43.8433347509919,5350401.11,535
-79.2788799882762,43.8816259037918,5350400.12,535
-79.2228042851721,43.8031308922425,5350378.11,535
-79.2143652569508,43.8040195611768,5350378.12,535
-79.6261901622617,43.595945304212,5350521.06,535
-79.6684429905711,43.5479520268233,5350516.16,535
-79.6830579756506,43.5721847087582,5350528.01,535
-79.6726158734335,43.5834063043929,5350528.02,535
-79.7800888052399,43.6968389633183,5350573.03,535
-79.7342098103751,43.7249502240718,5350562.11,535
-79.7045786706138,43.7222472698093,5350564.01,535
-79.7086314338924,43.7272684877653,5350564.02,535
-79.9561556380013,43.880941770747,5350587.01,535
-80.0295806479669,43.8323140602418,5350587.02,535
-79.7789385336388,43.7263493808312,5350576.06,535
-79.7979546942301,43.7089921617668,5350576.07,535
-79.117416091907,43.8354606804001,5350804.05,535
-79.0342102224307,43.8278608506155,5350810.05,535
-79.4158297058521,43.6855693251558,5350167.01,535
-79.427715509449,43.6902629176267,5350167.02,535
-79.4647785582453,43.7964633664991,5350410.07,535
-79.4857956584104,44.0104000250103,5350442.03,535
-79.2743203113753,43.8113807516096,5350378.14,535
-79.4394059030442,43.8227908203891,5350410.05,535
-79.6132148196202,43.6224824362977,5350527.05,535
-79.6209628392414,43.6151369997679,5350527.06,535
-79.6281015850981,43.6086791389987,5350527.07,535
-79.6610738679094,43.5796090048446,5350527.08,535
-79.6718250544854,43.5689469877103,5350527.09,535
-80.1128379271067,43.9016867336735,5350591.02,535
-79.6583717442247,43.5959417018602,5350528.10,535
-79.8812604347923,43.2043055210358,5370001.04,537
-79.8775581326149,43.2124512876286,5370001.05,537
-79.8581505302167,43.2076666364193,5370001.06,537
-79.7107309240125,43.2104777045299,5370085.01,537
-79.7117195090403,43.2202649400305,5370085.02,537
-79.6932619842173,43.2222197909033,5370085.03,537
-79.8437826315786,43.2042227193348,5370001.07,537
-79.7305908771826,43.2150257998138,5370084.03,537
-79.727232932194,43.2362984262388,5370084.04,537
-79.7858605372407,43.2157924711715,5370026.06,537
-79.923122712921,43.2240631485144,5370002.04,537
-79.7265545687782,43.224069258158,5370084.05,537
-80.0607755183313,44.019529040153,5350593.00,535
-80.1245614730112,43.9080040525899,5350591.01,535
-79.803651990467,43.3141769702694,5370205.02,537
-79.8306770198834,43.3806727577562,5370223.05,537
-79.8248149570943,43.3738030497757,5370223.06,537
-79.5324906835373,43.1948533970446,5370303.01,537
-79.5321541232215,43.1836612455647,5370303.02,537
-79.8163728282059,43.3269138110602,5370205.01,537
-79.4539342242604,43.8619247573194,5350421.07,535
-79.4656658902305,43.8037644673023,5350410.14,535
-79.4775930360946,43.8008395095247,5350410.15,535
-79.387198914684,43.8510282487006,5350420.05,535
-79.4000684039533,43.8550943105815,5350420.06,535
-79.4313130163598,43.8679756597326,5350420.08,535
-79.4302347538535,43.8595956501261,5350420.09,535
-79.8622941487071,44.1472548751167,5350485.02,535
-79.298797379322,43.8772053507086,5350401.14,535
-79.2940977067142,43.8684239546738,5350401.15,535
-79.3528658167091,43.8797414640551,5350403.01,535
-79.4324100724206,43.7980795884377,5350410.09,535
-79.6352249875778,43.5440556258329,5350514.01,535
-79.6526819696734,43.5335809478706,5350514.02,535
-79.6938214962271,43.5487418941367,5350516.17,535
-79.7013709621373,43.5433663224318,5350516.18,535
-79.775603130194,43.5874551303683,5350516.20,535
-79.7739769756684,43.5718321554299,5350516.21,535
-79.7677947034678,43.5644568780167,5350516.22,535
-79.759101150293,43.5622551527932,5350516.23,535
-79.6960924725378,43.4616875467278,5350613.03,535
-79.4343618471457,44.0538118391742,5350450.03,535
-79.4590719406452,44.2408438038673,5350473.01,535
-79.734605737745,43.4615823214653,5350612.11,535
-79.725764828717,43.4694648941257,5350612.12,535
-80.0893340384298,43.9246616140035,5350592.01,535
-80.1205980626022,43.9228460268881,5350592.02,535
-79.7289769863493,43.4401945705391,5350612.13,535
-79.7253962028372,43.4337983259141,5350612.14,535
-79.6884413124176,43.4738296954526,5350614.01,535
-79.6795379127876,43.4828006857831,5350614.02,535
-79.6974637874737,43.4699297900365,5350613.04,535
-78.8090860584408,43.9170389442614,5320202.08,532
-78.7992438647315,43.9212508653043,5320202.09,532
-79.1319484634445,43.8145627821065,5350803.03,535
-79.1489876170077,43.826515388245,5350803.04,535
-79.1330792838942,43.8280734744472,5350803.05,535
-79.1284326178808,43.8363221061031,5350803.06,535
-79.4292764167817,43.8046803085722,5350410.10,535
-79.7085755550903,43.5893129231671,5350528.12,535
-79.6959437023863,43.579633397825,5350528.13,535
-79.6879036298289,43.5842059298219,5350528.15,535
-79.6830338418168,43.5893263981271,5350528.16,535
-79.6836609892711,43.6073404041297,5350528.18,535
-79.6715163960867,43.5976965448838,5350528.19,535
-79.7173924662774,43.663354933045,5350528.20,535
-79.7335181012108,43.6581358668101,5350528.21,535
-79.724994039721,43.651247899146,5350528.22,535
-79.4592235980379,44.22005486732,5350473.02,535
-79.7353076245679,43.8922712807913,5350585.05,535
-79.7145845908174,43.5327604193299,5350516.24,535
-79.7020364796139,43.5216489648965,5350516.25,535
-79.6928500633885,43.523607097629,5350516.26,535
-79.7362026157887,43.5676301533782,5350516.28,535
-79.8069129968958,43.7331362229287,5350576.09,535
-79.8145783724634,43.3778794699493,5370223.07,537
-79.7304226813964,43.5720334964905,5350516.29,535
-79.629044912352,43.5843940380661,5350520.05,535
-79.4412647993523,43.801298400866,5350410.11,535
-79.45333636848,43.8090443824157,5350410.12,535
-79.4648169954343,43.8173072616303,5350410.13,535
-79.6178418816734,43.7830267257685,5350412.10,535
-79.6394071447347,43.7908221954786,5350412.11,535
-79.3876214796275,43.8729034933555,5350420.10,535
-79.4041818084408,43.8669808683691,5350420.11,535
-79.4264022303916,43.8999713128637,5350424.04,535
-79.4369060584778,43.9015230698262,5350424.05,535
-79.4821560684339,43.9854503559907,5350441.03,535
-78.9879812386899,43.843164003907,5350805.04,535
-79.0343285650439,43.8658759678306,5350805.06,535
-79.099860712576,43.8523171398245,5350804.08,535
-79.1244616340642,44.1218071040147,5350831.01,535
-79.1114240875123,44.092227947389,5350831.02,535
-79.4391037177692,43.8553646456544,5350421.04,535
-79.4518649839829,43.8530396211495,5350421.05,535
-79.4411829193526,43.8646419150828,5350421.06,535
-79.4890773695403,44.2300255010493,5350473.03,535
-79.052967293916,43.8617112492997,5350820.03,535
-79.5576298163104,44.1059550124389,5350480.01,535
-79.5848535857282,44.1032929905199,5350480.02,535
-79.8631057404609,44.1637690071605,5350485.01,535
-78.790008673118,43.9012328942717,5320202.05,532
-79.0971775553494,43.8413825557721,5350804.06,535
-79.0842160351997,43.8446570867557,5350804.07,535
-78.6805691723024,43.9334992960045,5320203.01,532
-78.6716150611578,43.9223841037247,5320203.02,532
-78.6820377987411,43.9153528307576,5320203.03,532
-78.6977921006649,43.9248045099849,5320203.04,532
-78.9421976158228,43.8932854820898,5320102.01,532
-78.9391108074546,43.8844178789456,5320102.02,532
-78.933924007286,43.8735122267191,5320102.03,532
-79.3404330602301,43.7072599606269,5350194.02,535
-79.3451740136155,43.7047206549446,5350194.03,535
-79.3292636503924,43.7159054487215,5350260.05,535
-79.5908006279123,43.7020557747747,5350247.01,535
-79.3872535694257,43.6679071851931,5350062.01,535
-79.3892530693965,43.6643358031618,5350062.02,535
-79.2911806719994,43.8244513724271,5350377.06,535
-79.2882518672708,43.8178586241518,5350377.07,535
-79.4347019603215,43.6434735791636,5350047.02,535
-79.4660656218938,43.6553754498357,5350102.02,535
-79.4626205286657,43.6561268126914,5350102.03,535
-79.3954736791911,43.7116758518959,5350136.01,535
-79.3946846960288,43.7089425397988,5350136.02,535
-79.591027371943,43.7494660821843,5350249.04,535
-79.584988811943,43.7588229107749,5350250.04,535
-79.3528659334111,43.7087901796281,5350194.04,535
-79.2587672333403,43.8235638457774,5350378.19,535
-79.2762498563327,43.8244813305587,5350378.20,535
-79.2785949545672,43.8197001239455,5350378.21,535
-79.2811723361463,43.8269965792395,5350378.22,535
-79.3410909657685,43.7015093440031,5350194.01,535
-79.4517672117352,43.7780379281306,5350317.04,535
-79.4527817442444,43.7738149131724,5350317.05,535
-79.2842280775638,43.7007631625889,5350341.03,535
-79.2797942071587,43.6985501238697,5350341.04,535
-79.711967258285,43.397190921849,5350610.03,535
-79.5792607123275,43.7484837211845,5350250.05,535
-79.1295425593777,43.7929184112627,5350802.02,535
-79.4986626760076,43.7627311409776,5350311.05,535
-79.346306635421,43.7650303452647,5350269.01,535
-79.3392355849854,43.753273230541,5350269.02,535
-79.2538726762555,43.731350804331,5350344.01,535
-79.2512898677824,43.7258672011582,5350344.02,535
-80.002798996223,43.2220134535849,5370122.02,537
-79.9620600459841,43.2543369213557,5370130.02,537
-79.4864747182863,43.7692106302251,5350311.06,535
-79.2738353071877,43.8248973247951,5350378.18,535
-79.7961899589501,43.1821254670634,5370080.05,537
-79.996035718583,43.205367509667,5370122.01,537
-79.9769712369452,43.2564786648466,5370130.03,537
-78.8276839763897,43.909755358398,5320008.05,532
-78.8296877828349,43.9193032125671,5320008.06,532
-78.835783939292,43.9329846865921,5320008.07,532
-78.9185212828146,43.875829538863,5320101.05,532
-78.901436901203,43.879570700838,5320101.06,532
-79.8659822178027,43.917114323754,5350585.07,535
-79.8882951827005,43.3438847929471,5370140.02,537
-80.1516572684839,43.2717413223474,5370142.01,537
-80.1221372769279,43.349688218632,5370142.02,537
-79.704828894016,43.404073421455,5350610.04,535
-79.6772370097133,43.6150615955783,5350528.24,535
-79.6521908651409,43.6140493048425,5350528.25,535
-79.6607030119847,43.609133762971,5350528.26,535
-79.743827337098,43.6506761272619,5350528.31,535
-79.7806348675732,43.6744519193019,5350573.05,535
-79.5037619688857,43.7446271669756,5350312.07,535
-79.7790036056344,43.7439114978073,5350576.10,535
-79.7463190801235,43.6625752363227,5350572.04,535
-79.7410294857992,43.6673932817678,5350572.05,535
-79.7954267033027,43.9529871422792,5350585.08,535
-79.7578270996615,43.6598157349902,5350572.07,535
-79.7519070334587,43.6535752924513,5350572.08,535
-79.3361685004536,43.7304025395336,5350263.03,535
-79.5152103807645,43.7608690559461,5350316.05,535
-79.5118940655146,43.7635961014068,5350316.06,535
-79.4070277888866,43.7978937803144,5350321.01,535
-79.4064931189377,43.7923227024486,5350321.02,535
-79.3608415873136,43.8065154855316,5350324.05,535
-79.3528310553395,43.8099098846001,5350324.06,535
-79.2150399863956,43.7469880935776,5350331.03,535
-79.3269392320986,43.7293417068165,5350263.04,535
-79.3796168690563,43.7787387711662,5350305.01,535
-79.3982657140589,43.7790175768814,5350306.01,535
-79.3953842227275,43.7700562628963,5350306.02,535
-79.5111500972327,43.7439206267189,5350312.06,535
-78.9805234763365,43.9002536779278,5320105.03,532
-79.5882611164252,43.7435885384333,5350249.05,535
-79.3068970693231,43.6865087812615,5350080.01,535
-79.2968574594809,43.6892978202118,5350080.02,535
-79.3407289622176,43.6749760466063,5350072.01,535
-79.3348668875838,43.677053100614,5350072.02,535
-79.2121476694674,43.7381128356277,5350331.04,535
-79.2747880311125,43.7362348771382,5350351.01,535
-79.2678645166105,43.7386952579034,5350351.02,535
-79.581719822027,43.7209427933667,5350247.02,535
-79.6106778367816,43.729823678647,5350248.04,535
-79.5950559944705,43.7302719675956,5350248.05,535
-79.4981631767331,43.6982469812301,5350281.01,535
-79.4914068199836,43.6999907926049,5350281.02,535
-78.9587280501187,43.9053128869201,5320105.04,532
-78.9508426033049,43.9078415776427,5320105.05,532
-78.9455320736199,43.907000863487,5320105.06,532
-78.9379480829833,43.909534545873,5320105.07,532
-78.9289588720072,43.9125455570272,5320105.08,532
-78.9194849585881,43.9197080443154,5320105.09,532
-78.91527467151,43.9109804254274,5320105.10,532
-78.8027610511211,43.8991620938253,5320202.04,532
-79.2623815458187,43.7383168947489,5350353.03,535
-79.2549747085305,43.73883932133,5350353.04,535
-79.2428325179234,43.7365622988631,5350355.04,535
-79.2050151042602,43.7905891723371,5350363.04,535
-79.19796240349,43.7889713328108,5350363.05,535
-79.3308786394988,43.7982812519552,5350376.11,535
-79.3233023220268,43.7999698360777,5350376.12,535
-79.5259448581516,43.8686530508263,5350411.26,535
-79.5234607431899,43.8624551676065,5350411.27,535
-79.4704248367269,43.6852821163054,5350159.01,535
-79.4653788869168,43.6865474265595,5350159.02,535
-79.5315528808457,43.6485257933659,5350225.01,535
-79.5286219690061,43.6453217507288,5350225.02,535
-79.3339397444109,43.7154423895313,5350260.04,535
-79.3438670017061,43.7723293170838,5350301.03,535
-79.3328413817038,43.7714182115005,5350301.04,535
