id,X,Y
"x",0,0
5320001.00,-78.84252025614043,43.87915860072816
5320002.01,-78.84064339334894,43.86463166139503
5320002.02,-78.8571413293131,43.87382982936986
5320002.03,-78.85409064550323,43.86067460339825
5320003.01,-78.88834278682582,43.88595894142023
5320003.02,-78.89556651839241,43.9016498778987
5320004.01,-78.86972811890054,43.88183595884281
5320004.02,-78.87276457807876,43.88912480156935
5320005.00,-78.85796952603015,43.8915970014202
5320006.00,-78.84627959738067,43.88677903694825
5320007.00,-78.84430701817286,43.89636099874259
5320008.01,-78.81051740618629,43.88937264326942
5320008.02,-78.83131728215315,43.89532630416345
5320008.03,-78.8210815324645,43.90059027367946
5320008.05,-78.82995925192536,43.90979204626538
5320008.06,-78.82912640096848,43.91867984636352
5320008.07,-78.83666429774199,43.93417243210706
5320009.01,-78.84780512407077,43.90459912889153
5320009.02,-78.8444923949268,43.91584898013722
5320009.03,-78.85112336655318,43.928672356665274
5320009.04,-78.85398500934043,43.91274666491943
5320009.05,-78.85997293804475,43.92556228886208
5320010.00,-78.86305756221877,43.900612795337715
5320011.00,-78.86641373826605,43.909987694685945
5320012.01,-78.87756104607058,43.89782259656882
5320012.02,-78.88343136200795,43.905341195963025
5320013.00,-78.89217559500071,43.91558074304866
5320014.01,-78.86913696499082,43.922158828505005
5320014.02,-78.87328402158134,43.930814346800275
5320015.02,-78.87855333216105,43.94261345170047
5320015.03,-78.88295303081159,43.92850156697392
5320015.04,-78.89090263605638,43.93713868219387
5320016.01,-78.86320477653926,43.94520028952732
5320016.03,-78.83887265865144,43.95040674898159
5320016.04,-78.89686151404518,43.96597400308698
5320100.01,-78.9455899269829,43.85497191762119
5320100.02,-78.96432621967647,43.871193657546875
5320100.03,-78.96693342692397,43.88506110975512
5320101.02,-78.91056163002501,43.89686545322405
5320101.03,-78.92291488580439,43.89503835905509
5320101.04,-78.9317152352823,43.89231547967342
5320101.05,-78.91951474250202,43.8800221292764
5320101.06,-78.90252459499199,43.880581677230396
5320102.01,-78.94344372487261,43.893124758669245
5320102.02,-78.94099821716627,43.885386859006076
5320102.03,-78.9346367359401,43.87458818728588
5320103.00,-78.94486800654114,43.87264844328567
5320104.00,-78.9507761755222,43.88750615320841
5320105.03,-78.9723086175085,43.90382390703087
5320105.04,-78.95766787698088,43.90524211962951
5320105.05,-78.9510051814396,43.90756226410035
5320105.06,-78.94532981813532,43.9068457097373
5320105.07,-78.93829425952394,43.90822519402162
5320105.08,-78.92944737954396,43.913280272817275
5320105.09,-78.92014125126096,43.91935845970896
5320105.10,-78.9155032906001,43.91098962175488
5320105.12,-78.94603209641996,43.965556595609954
5320105.14,-78.96467311189333,43.92395220427881
5320105.15,-78.94226681316904,43.93274684972449
5320105.16,-78.96988946458383,43.960101450319556
5320105.17,-78.98707025513644,43.99420932331458
5320200.00,-78.57335467265175,43.9828111479083
5320201.01,-78.59636267888968,43.90827455565649
5320201.02,-78.57581805872627,43.91995673689164
5320202.04,-78.80217978874157,43.898421739998916
5320202.05,-78.79077932653502,43.90295532898515
5320202.08,-78.80769345382642,43.91389689522166
5320202.09,-78.79660473606073,43.919205600325334
5320202.11,-78.70693979941815,43.90151606255866
5320202.12,-78.78112947513486,43.9055345287675
5320202.13,-78.79857797110499,43.88657712181581
5320202.14,-78.74827906079454,43.90099322282428
5320202.15,-78.63241522479854,43.89763468555486
5320202.16,-78.71436579349937,43.93204770807588
5320202.17,-78.78728456492027,43.91720381782029
5320202.18,-78.78720881470109,43.92844719492172
5320203.01,-78.68421522297707,43.931475444499974
5320203.02,-78.67470311119894,43.92341520015384
5320203.03,-78.68119319771456,43.915556438825746
5320203.04,-78.69569296562297,43.927324346883736
5320204.00,-78.67742495984795,43.906638855202566
5320205.01,-78.69470032280965,43.898628924735384
5320205.02,-78.69260973206028,43.90493088715543
5320206.00,-78.76509365835845,44.00361132316466
5350001.00,-79.33770370155163,43.656693566089885
5350002.00,-79.3607216599737,43.62906881076198
5350003.00,-79.45442661647012,43.63499225925567
5350004.00,-79.43858217478876,43.63737902954773
5350005.00,-79.42984927467347,43.63977354156907
5350006.00,-79.433335924276,43.6359088946945
5350007.01,-79.43321594862435,43.63559057824987
5350007.02,-79.42851100690024,43.63690676506651
5350008.01,-79.41709506966932,43.63844840538323
5350008.02,-79.4030959997035,43.63620999941436
5350009.00,-79.4187752410369,43.6426646776632
5350010.01,-79.41559934940302,43.641971432751035
5350010.02,-79.40687079677197,43.64354753127669
5350011.00,-79.39415429523423,43.64589840791816
5350012.01,-79.39676376867548,43.63974546237747
5350012.03,-79.38775533248112,43.64143270131412
5350012.04,-79.38491565825746,43.63926806173611
5350013.01,-79.3753294346219,43.64579071591883
5350013.02,-79.37641396476066,43.64175758867172
5350014.00,-79.38404172938765,43.648102473775445
5350015.00,-79.37516140755113,43.65083826483517
5350016.00,-79.36564360817266,43.65338985241063
5350017.00,-79.36458736906361,43.64939538788152
5350018.00,-79.34608742732024,43.65845737379236
5350019.00,-79.33425392170204,43.660816878386086
5350020.00,-79.30787933642695,43.66594595889279
5350021.00,-79.29322686743325,43.66979936388348
5350022.00,-79.28668484283574,43.676463155419334
5350023.00,-79.29583275296186,43.675280849874106
5350024.00,-79.30459351204306,43.6725241093031
5350025.00,-79.31391261135698,43.67080864117583
5350026.00,-79.32223178674587,43.66782585721344
5350027.00,-79.33075603859355,43.66653721538154
5350028.01,-79.34260316730187,43.662629335028505
5350028.02,-79.33822086594101,43.664937162458294
5350029.00,-79.34979068542366,43.66282676845061
5350030.00,-79.36134588202756,43.65876164573481
5350031.00,-79.36197951252447,43.66174493244704
5350032.00,-79.37194266731751,43.66027248414801
5350033.00,-79.36862685976256,43.65661605784172
5350034.01,-79.38006801692065,43.66011092046919
5350034.02,-79.37634038285266,43.656278188692
5350035.00,-79.38428142069833,43.658489271269026
5350036.00,-79.39152870010668,43.65181770001627
5350037.00,-79.39395028533458,43.656103380675106
5350038.00,-79.40261534937292,43.654708596287556
5350039.00,-79.40042527847082,43.65009054797504
5350040.00,-79.40884927428586,43.64904978878669
5350041.00,-79.41089087356761,43.65365701355327
5350042.00,-79.41954304033725,43.652156191015855
5350043.00,-79.41975492286508,43.6470437309661
5350044.00,-79.42561482261893,43.64447619930571
5350045.00,-79.43064458460987,43.65118513653725
5350046.00,-79.43445874714348,43.64783057582483
5350047.02,-79.43560807032982,43.643697591740704
5350047.03,-79.442572858432,43.64835882944134
5350047.04,-79.44000098454406,43.64341806023934
5350048.00,-79.44459574313886,43.642216794318536
5350049.00,-79.45113121057439,43.642536442591926
5350050.01,-79.47841177378513,43.641303520493665
5350050.03,-79.4677476568749,43.63959867076106
5350050.04,-79.47426353457884,43.6452758877083
5350051.00,-79.454337854981,43.65066817208973
5350052.00,-79.44800174893629,43.65019384864575
5350053.00,-79.44098028192663,43.65457644351009
5350054.00,-79.43140142450481,43.65693827871354
5350055.00,-79.42624128174138,43.658017991969956
5350056.00,-79.42104242222649,43.65884843784806
5350057.00,-79.41468368985812,43.66248489551279
5350058.00,-79.41231691140223,43.658147667059815
5350059.00,-79.40513827125177,43.65981835989181
5350060.00,-79.40567574186743,43.66446829624721
5350061.00,-79.40040453321124,43.665132848285666
5350062.01,-79.38742360517259,43.66804566840363
5350062.02,-79.38716316940523,43.66453598693814
5350063.03,-79.3812180704944,43.669656172990436
5350063.04,-79.37913888876908,43.664957113337245
5350063.05,-79.38378938730258,43.668800604030515
5350063.06,-79.38214347774647,43.663866279399514
5350064.00,-79.37698319305706,43.66898836099682
5350065.01,-79.37454193195025,43.66994354181671
5350065.02,-79.37251069255981,43.66928237693442
5350066.00,-79.37387594988353,43.66502557299842
5350067.00,-79.36685485379253,43.66870153668922
5350068.00,-79.36402523640142,43.66459877109412
5350069.00,-79.34755101545362,43.66900578320438
5350070.00,-79.3549667522382,43.67410587006425
5350071.00,-79.34759209620772,43.674883188009325
5350072.01,-79.34092031761874,43.674763678497214
5350072.02,-79.33538594756729,43.67680952963094
5350073.00,-79.3332967102499,43.67119669547096
5350074.00,-79.32420393744344,43.67434618790967
5350075.00,-79.3268945253989,43.679834755598
5350076.00,-79.3173989803773,43.682280897045146
5350077.00,-79.3145740638398,43.677298649887625
5350078.00,-79.30467396804235,43.68043081531934
5350079.00,-79.292125157880207,43.683720330616254
5350080.01,-79.30700931594774,43.68648495278215
5350080.02,-79.295275514377,43.68920843473498
5350081.00,-79.31912765555688,43.6863673770396
5350082.00,-79.32882272924257,43.68427753406334
5350083.00,-79.33955056658228,43.682030237217816
5350084.00,-79.34994131144097,43.680873983109876
5350085.00,-79.35864741727306,43.67886667353377
5350086.00,-79.37473009874945,43.68473692398207
5350087.00,-79.3799595466192,43.677273301334644
5350088.00,-79.3840426293056,43.67220226229262
5350089.00,-79.3918706009184,43.67159637281737
5350090.00,-79.39126031321054,43.6756266005634
5350091.01,-79.40033660230304,43.67038431544404
5350091.02,-79.40123009359299,43.674568219797195
5350092.00,-79.40842099566702,43.66987893298271
5350093.00,-79.41660299388157,43.668393606401345
5350094.00,-79.42454110901114,43.66738884742251
5350095.00,-79.42920533026218,43.6658395199977
5350096.01,-79.43519195031607,43.66775657550898
5350096.02,-79.43351370356244,43.66327666641373
5350097.01,-79.44068025257165,43.6609341774242
5350097.03,-79.44417296370295,43.667231186276645
5350097.04,-79.44413122061422,43.66480578977226
5350098.00,-79.45056456549565,43.66188576209226
5350099.00,-79.45585080499262,43.65860262515544
5350100.00,-79.46277061122692,43.66531396237724
5350101.00,-79.46767171228538,43.663850741164254
5350102.02,-79.46594045756972,43.65550286958583
5350102.03,-79.46317084366649,43.65607031894326
5350102.04,-79.46743705153398,43.658846306459886
5350102.05,-79.46436519615983,43.65974970592949
5350103.00,-79.47271707892762,43.656154246093784
5350104.00,-79.48251762148541,43.65535597266131
5350105.00,-79.47703641774592,43.66408142991125
5350106.00,-79.47365296208035,43.67304970231813
5350107.00,-79.46202360805165,43.67753356776006
5350108.00,-79.4571472754331,43.67072873263534
5350109.00,-79.44290709001557,43.67085991017451
5350110.00,-79.44639386239767,43.67443241391576
5350111.00,-79.45551200009263,43.67888329559358
5350112.00,-79.44752664348036,43.68071818896178
5350113.00,-79.43848537824962,43.67661820110532
5350114.00,-79.42975896181727,43.678208584548166
5350115.00,-79.42773672946421,43.67308243866433
5350116.00,-79.42035341857708,43.679620060717085
5350117.00,-79.4058449476561,43.677577303138506
5350118.00,-79.41332674262037,43.68180084197271
5350119.00,-79.40508131292343,43.68545091550711
5350120.00,-79.39630494966414,43.680738598119106
5350121.00,-79.39665424701505,43.68565051314758
5350122.00,-79.39934228092798,43.690979998617834
5350123.00,-79.39833509320562,43.695586583960264
5350124.00,-79.39125915177095,43.6867189548251
5350125.00,-79.38191790647413,43.690287732365036
5350126.00,-79.38009045793504,43.70109605818678
5350127.00,-79.38243603015904,43.70700407878618
5350128.02,-79.3941804986419,43.70544509096985
5350128.04,-79.39165539943565,43.697419262403756
5350128.05,-79.3928290920474,43.70023492022511
5350128.06,-79.39092098247701,43.699088941909544
5350129.00,-79.40325980480142,43.70207974766432
5350130.00,-79.41169070876643,43.69689760742107
5350131.00,-79.4182246547129,43.69371311052251
5350132.00,-79.43379261651967,43.703328861822634
5350133.00,-79.42263468891555,43.70534979525196
5350134.00,-79.41335890670841,43.70704600977451
5350135.00,-79.40362184244233,43.70886914443077
5350136.01,-79.39541667975875,43.71155267261481
5350136.02,-79.39432673945022,43.70896830483216
5350137.00,-79.38961474794269,43.712283374357426
5350138.00,-79.39565799408732,43.72182303459072
5350139.01,-79.40693021824501,43.72077843673669
5350139.02,-79.40515472039876,43.714827079539994
5350140.00,-79.41618263623505,43.713902875118485
5350141.01,-79.40884521337999,43.7261808394886
5350141.02,-79.41026851559722,43.73173633928763
5350142.00,-79.39799730097194,43.73004477929784
5350150.00,-79.49084563920988,43.653938081658836
5350151.00,-79.50030831925338,43.66272144320723
5350152.00,-79.48810427755704,43.6626851199669
5350153.00,-79.49055406537916,43.669482154476746
5350154.00,-79.50183156275253,43.67369897994562
5350155.00,-79.47921500592695,43.67859673144203
5350156.01,-79.49216575719578,43.676258334361655
5350156.02,-79.48596485046627,43.68067430425607
5350157.00,-79.48958718833853,43.684762858132785
5350158.00,-79.47522747752353,43.684714302736204
5350159.01,-79.47056594179544,43.68548233430791
5350159.02,-79.46558020932326,43.68641818351064
5350160.00,-79.45953297074095,43.68724177922061
5350161.00,-79.45167234250162,43.689506972111474
5350162.00,-79.44436033656653,43.69042368646407
5350163.00,-79.44113330539746,43.68305504531237
5350164.00,-79.43496689033576,43.68584933986065
5350165.00,-79.42564937496059,43.68535324021205
5350166.00,-79.42817233230221,43.69661181820468
5350167.01,-79.41555903301044,43.685844525263064
5350167.02,-79.4236672659701,43.68757163473997
5350168.00,-79.44130502137789,43.69452668494309
5350169.01,-79.44542510290673,43.698633047347954
5350169.02,-79.44352531492571,43.70288019074108
5350170.00,-79.45771449769985,43.69616104246431
5350171.00,-79.46947231249494,43.69347403979993
5350172.00,-79.4800869341428,43.69310645130024
5350173.00,-79.49464670426956,43.68933240157734
5350174.00,-79.50525024770143,43.688600893290776
5350175.01,-79.51154981367391,43.69889947576045
5350175.02,-79.52542416206292,43.70353905330188
5350176.00,-79.51222626763052,43.70544259145993
5350180.00,-79.29979162225315,43.69379201526031
5350181.01,-79.30984993753638,43.69093548340475
5350181.02,-79.31267487871021,43.69659337655387
5350182.00,-79.32053226441437,43.69147096782792
5350183.01,-79.33431256388647,43.690556657991046
5350183.02,-79.33331284097467,43.687081153733075
5350184.01,-79.344273267465,43.687278640026975
5350184.02,-79.34633695647129,43.6927632031972
5350185.01,-79.35146768831162,43.68747157178309
5350185.02,-79.3544461123058,43.690082261620226
5350186.00,-79.3683458750042,43.69517022483039
5350187.00,-79.33618077860113,43.695199566034496
5350188.00,-79.32375848848895,43.6977780831962
5350189.00,-79.30515667535586,43.70072137902
5350190.01,-79.29305422667895,43.69612907787412
5350190.02,-79.29875689517205,43.705058707154016
5350191.00,-79.30374700302684,43.71055208113568
5350192.00,-79.31029479670055,43.71126411470897
5350193.00,-79.32541160157618,43.70575895174242
5350194.01,-79.3411222104662,43.7015543190773
5350194.02,-79.34020496869073,43.70622913192902
5350194.03,-79.34519132207,43.7039919090063
5350194.04,-79.3480441001747,43.70525726224761
5350195.01,-79.3636179817935,43.715858782523966
5350195.02,-79.36492269659534,43.707272299986805
5350196.01,-79.37416487902934,43.714280579929465
5350196.02,-79.36989896510421,43.70386841667886
5350200.01,-79.48658353638278,43.6162656431583
5350200.02,-79.48883975753232,43.608966833810456
5350201.00,-79.48942503209354,43.61799164286008
5350202.00,-79.49297639889943,43.60908924375774
5350203.00,-79.49671824782615,43.606517461770274
5350204.00,-79.50509325189351,43.598145683894636
5350205.00,-79.51513291448788,43.59382148660549
5350206.01,-79.54002266885306,43.59079134656229
5350206.02,-79.52732280776986,43.59423081581998
5350207.00,-79.51843730555206,43.600718647094276
5350208.00,-79.50787215792832,43.60191766051254
5350209.00,-79.49959433540857,43.619013709074906
5350210.01,-79.50603883191535,43.61884367491975
5350210.02,-79.48084066534783,43.62587906105188
5350211.00,-79.53886222799848,43.60750256880837
5350212.00,-79.54948363986358,43.60122189978102
5350213.01,-79.54759643822953,43.63632265485537
5350213.02,-79.54494319206883,43.625201104485654
5350214.00,-79.52375629656918,43.6316216714181
5350215.00,-79.50352443827752,43.62733240105702
5350216.00,-79.49743415732742,43.6384938026086
5350217.00,-79.48945266701885,43.63696468420102
5350218.00,-79.50917785050493,43.64460458580918
5350219.00,-79.51455708845116,43.637980721570806
5350220.00,-79.56830370060739,43.630189319105774
5350221.01,-79.57740863532634,43.63701450888997
5350221.02,-79.56501365618986,43.640168095631054
5350222.01,-79.5561025643285,43.642179505793834
5350222.02,-79.56018586724085,43.652200886469615
5350223.01,-79.54438252949846,43.654137935033624
5350223.02,-79.54179677398785,43.6452359227017
5350224.00,-79.53452797041734,43.657772904183275
5350225.01,-79.52807183485794,43.647652127313926
5350225.02,-79.52879504528256,43.64546579006766
5350226.00,-79.51847533384259,43.65213485359355
5350227.00,-79.50878681553738,43.65131323707082
5350228.00,-79.50239722593602,43.654891630106974
5350229.00,-79.51141728808915,43.656479908039266
5350230.01,-79.51654210578336,43.66909086840207
5350230.02,-79.51562877707524,43.682150658271254
5350231.00,-79.52606724409753,43.665593753468144
5350232.00,-79.54141820151281,43.670148494837015
5350233.00,-79.55240807137399,43.668748409238475
5350234.00,-79.5642476895589,43.66202455693443
5350235.01,-79.57971506232529,43.66531547875671
5350235.02,-79.57363990284018,43.656643746311886
5350236.01,-79.56984696806643,43.649379983465586
5350236.02,-79.58420067670592,43.64761066493712
5350237.01,-79.57097591474938,43.680201736008286
5350237.02,-79.56291042082142,43.68815924260339
5350237.03,-79.5593764256609,43.67976918655681
5350238.01,-79.54749219477074,43.682856318330195
5350238.02,-79.55176289807457,43.692160573257716
5350239.00,-79.54288217647647,43.701281442037434
5350240.01,-79.53487061454965,43.68620158406689
5350240.02,-79.5216963320444,43.68609554638614
5350241.00,-79.52554320358217,43.696653930507594
5350242.00,-79.51825613266706,43.69563648608384
5350243.01,-79.5537954060524,43.696824477311864
5350243.02,-79.56011510441584,43.69728300105923
5350244.01,-79.54774965983421,43.718215296813575
5350244.02,-79.5488864972117,43.72668861425645
5350245.00,-79.56253764366194,43.718502606874615
5350246.00,-79.57014546701004,43.72913529112871
5350247.01,-79.61604626692107,43.725304560048116
5350247.02,-79.58200210718465,43.723614360081235
5350248.02,-79.58621521607432,43.73688048207676
5350248.03,-79.59743736540587,43.73883432064228
5350248.04,-79.61203962521833,43.7304921653506
5350248.05,-79.59594412421285,43.73238557860929
5350249.01,-79.59487555601108,43.75602696311087
5350249.03,-79.60187193292415,43.749476628378794
5350249.04,-79.59220531939764,43.7494465604322
5350249.05,-79.58829759996259,43.74467280114057
5350250.01,-79.57408208185743,43.73953642658319
5350250.02,-79.5609027756121,43.73779453980964
5350250.04,-79.58846224943011,43.75756116215165
5350250.05,-79.57896031790555,43.74833574877951
5350260.01,-79.32821635892078,43.71174754867713
5350260.04,-79.33347999922812,43.71632971109305
5350260.05,-79.32904793131702,43.716381068769806
5350260.06,-79.33384523836861,43.719057138076735
5350260.07,-79.32506839278933,43.72022894445131
5350261.00,-79.30497268344492,43.72019193422914
5350262.01,-79.30644327711107,43.72970666836492
5350262.02,-79.31439513441573,43.73491753190306
5350263.02,-79.34519284292087,43.72814808923197
5350263.03,-79.3384172384435,43.73217335909001
5350263.04,-79.32745416648024,43.729901444965634
5350264.00,-79.36937650924487,43.73314119265878
5350265.00,-79.38142875074973,43.720993795925146
5350266.00,-79.39226588935561,43.74030063949234
5350267.00,-79.36598187864679,43.7458814963983
5350268.00,-79.34795342649664,43.74187809373022
5350269.01,-79.34559237146198,43.764458517829105
5350269.02,-79.33978302056734,43.755239926361966
5350270.01,-79.32652751569675,43.75609987219259
5350270.02,-79.32943291784635,43.74625825580464
5350271.01,-79.31862571803077,43.74451883441546
5350271.02,-79.3173874382762,43.751751546165885
5350272.01,-79.32663560666882,43.76062647830959
5350272.02,-79.32562795134146,43.7649332004889
5350273.01,-79.37223555228107,43.761806993493224
5350273.02,-79.3720908171066,43.753777285557064
5350274.01,-79.39198833613123,43.75586273180099
5350274.02,-79.40275670786625,43.75065315811612
5350275.00,-79.4138732042757,43.73926056816562
5350276.01,-79.42605634756033,43.73485671569038
5350276.02,-79.42318298482698,43.72518570609829
5350277.00,-79.42323649233735,43.71624410773341
5350278.00,-79.43439144336851,43.713403375696444
5350279.01,-79.44750383974191,43.709447759218236
5350279.02,-79.46215655835634,43.708262866360464
5350280.00,-79.4814701167521,43.701046714573884
5350281.01,-79.49936228379066,43.69816473520053
5350281.02,-79.49193406232769,43.697646542255626
5350282.00,-79.52471741589434,43.71055426922883
5350283.01,-79.49800197223499,43.707582445508855
5350283.02,-79.5011217272867,43.715029736072836
5350284.00,-79.48344905097838,43.713022929896624
5350285.00,-79.47660002451059,43.71687044015251
5350286.00,-79.45305434971365,43.71890267043675
5350287.02,-79.43727238850379,43.73026058398945
5350287.03,-79.44122223281761,43.71944705988008
5350287.04,-79.43368063328917,43.72240168053603
5350288.00,-79.44209934844343,43.73866368865042
5350289.00,-79.46549897798292,43.731307276898654
5350290.01,-79.4986039397601,43.7215131055989
5350290.02,-79.47792099056952,43.72468745487949
5350291.02,-79.49719615745735,43.72581918224402
5350291.03,-79.48596551991425,43.72963149669141
5350291.04,-79.48140569513656,43.73035972684047
5350292.00,-79.516798057306,43.72592213299864
5350293.00,-79.53506317311171,43.72706372175212
5350294.01,-79.5067535255335,43.73007429974275
5350294.02,-79.505706273668,43.73744912398282
5350295.00,-79.48939763940781,43.73885515065558
5350296.00,-79.45867697667737,43.74665958099109
5350297.01,-79.44651701357203,43.7553741737952
5350297.02,-79.44583408123802,43.74974506393525
5350298.00,-79.4304746344122,43.746184654488104
5350299.01,-79.4196956279003,43.75685979530884
5350299.02,-79.41289134379154,43.7641503794202
5350300.00,-79.40469499415624,43.75945688621749
5350301.01,-79.35066114632282,43.76980002703053
5350301.03,-79.34434079520018,43.77298152224852
5350301.04,-79.3405062209227,43.772653421078786
5350302.01,-79.33261406067767,43.779398662616785
5350302.02,-79.33560688008113,43.7900065524817
5350302.03,-79.33754928319519,43.79655011231802
5350303.00,-79.34703973137786,43.782967525634966
5350304.01,-79.35424221164739,43.782074880345114
5350304.02,-79.35978395305231,43.77700848574927
5350304.03,-79.3692990524764,43.78275621665295
5350304.04,-79.35058593255272,43.776971827143605
5350304.05,-79.34937714853571,43.79149097152245
5350304.06,-79.3596716816887,43.789136948167645
5350305.01,-79.38086452300946,43.77823882142221
5350305.03,-79.3820475020739,43.77031144464433
5350305.04,-79.37810487259982,43.76727999416307
5350306.01,-79.39886134312927,43.77892234840243
5350306.02,-79.39457229422254,43.769660891460816
5350307.03,-79.41207284658368,43.77012309050932
5350307.04,-79.41033188141473,43.764692000151896
5350307.05,-79.41324687638226,43.778830294815975
5350307.06,-79.41268012626094,43.77554731347262
5350307.07,-79.40720959460471,43.77157491410994
5350308.02,-79.43486567778154,43.76935766902047
5350308.03,-79.42554223480964,43.77297859152844
5350308.04,-79.41674178587579,43.77371831328601
5350309.00,-79.44801319570595,43.770579822990364
5350310.01,-79.45112083041725,43.76256316437955
5350310.02,-79.46213991161943,43.76336670710607
5350311.02,-79.4928619705206,43.75711563649921
5350311.03,-79.5029186358561,43.752706066804834
5350311.04,-79.49220552263051,43.7472082693571
5350311.05,-79.49952261341258,43.762489876077304
5350311.06,-79.49080091963705,43.76262713980757
5350312.02,-79.51037725834942,43.75392478317079
5350312.03,-79.51883510790458,43.74247952764427
5350312.04,-79.51951609213656,43.751689191311065
5350312.05,-79.51384811483577,43.75043696140193
5350312.06,-79.51112511012882,43.74454971965299
5350312.07,-79.50392256199456,43.74376815767275
5350313.00,-79.54018790237157,43.74059154406564
5350314.01,-79.54607095397573,43.749498958566036
5350314.02,-79.55631359854463,43.745382017855555
5350315.01,-79.57474685189771,43.755662090958346
5350315.02,-79.56518974766578,43.749979086311214
5350315.03,-79.56411021930036,43.75705968760442
5350316.01,-79.52582487010629,43.765511553764114
5350316.03,-79.52174208157484,43.76946026926792
5350316.04,-79.51613122631655,43.76848430870719
5350316.05,-79.51582773889126,43.75947096617664
5350316.06,-79.51185821231758,43.763415149754124
5350317.02,-79.44849552002987,43.78836660152355
5350317.03,-79.45779893932406,43.78634094709701
5350317.04,-79.44923770515318,43.780329304795885
5350317.05,-79.45627243454817,43.77338991296282
5350318.00,-79.4272132031014,43.78049888806063
5350319.00,-79.42733454521932,43.78814545243756
5350320.01,-79.44332884571483,43.78865477614099
5350320.02,-79.42893726045062,43.79429605139431
5350321.01,-79.40821734435806,43.797664855033375
5350321.02,-79.40829510109386,43.791896426068675
5350322.01,-79.41475421891575,43.78198419291029
5350322.02,-79.40415529167568,43.78605071328344
5350323.01,-79.38894498840907,43.7894798421006
5350323.02,-79.38318510042292,43.80137325701704
5350324.01,-79.37270939873976,43.79550061403922
5350324.02,-79.36288207376295,43.7982268770258
5350324.03,-79.35097511300879,43.79926851745822
5350324.05,-79.3606954595825,43.806724479105526
5350324.06,-79.35504297138161,43.80949866940576
5350330.00,-79.18881002330674,43.75207236136913
5350331.01,-79.20382518766375,43.74648929309131
5350331.03,-79.21556948456703,43.74610760960763
5350331.04,-79.21297852035615,43.740346064526314
5350332.00,-79.22159070812151,43.73954921910682
5350333.00,-79.22932594788186,43.73035724866984
5350334.00,-79.23814878263211,43.71409436205512
5350335.00,-79.24367334574043,43.721052519639976
5350336.00,-79.25702129041599,43.70733344369763
5350337.01,-79.25031895854644,43.707843146749724
5350337.02,-79.24914032138254,43.70330776708068
5350338.00,-79.26749885799377,43.69123365321504
5350339.00,-79.27971771907463,43.682134415664436
5350340.00,-79.28736650039018,43.70423900570122
5350341.02,-79.28000563218878,43.69390642842851
5350341.03,-79.28764200580657,43.697119889918575
5350341.04,-79.28163002913602,43.69787722837707
5350342.00,-79.2737201260262,43.70759937842926
5350343.00,-79.26544044678809,43.71106412210398
5350344.01,-79.25425289127467,43.731405149292335
5350344.02,-79.25091550195555,43.72671653585682
5350345.00,-79.25842015982731,43.72244356192272
5350346.01,-79.26611108431976,43.72607337304867
5350346.02,-79.27342096183747,43.728927886619076
5350347.00,-79.28020697326883,43.71743002161966
5350348.00,-79.29136121184956,43.71522785014095
5350349.00,-79.30433000059922,43.734730482702034
5350350.00,-79.29529680214884,43.7395426786588
5350351.01,-79.2743608838665,43.734960604937655
5350351.02,-79.26846897316797,43.73876745307455
5350352.00,-79.27477839444487,43.74626293904754
5350353.02,-79.25969407335444,43.746995171867624
5350353.03,-79.26162066141052,43.73652909323438
5350353.04,-79.25573720667879,43.73801917562183
5350354.00,-79.2472302642951,43.750931295087845
5350355.02,-79.2340582291783,43.743055761716896
5350355.04,-79.24201762167114,43.737772681013425
5350355.05,-79.24751206436645,43.74208680890166
5350355.06,-79.2413178241833,43.7421035734768
5350356.00,-79.2289728646408,43.75047774367008
5350357.01,-79.21983397988738,43.756153846537096
5350357.02,-79.20970919570145,43.75897497012905
5350358.01,-79.18487566822073,43.7594975358155
5350358.02,-79.18150990520061,43.76654199770272
5350358.03,-79.19347022829646,43.76310240043283
5350359.00,-79.19218832534813,43.7704664672431
5350360.00,-79.16877316435854,43.770816314810205
5350361.01,-79.15538902007043,43.78254557767543
5350361.02,-79.14262583408198,43.78232734781799
5350362.01,-79.15863316343983,43.80200336970407
5350362.02,-79.1663913503735,43.792656192477644
5350362.03,-79.18049707029752,43.79129970821299
5350362.04,-79.17757836860541,43.80399544202549
5350363.02,-79.21218816263035,43.785552939784445
5350363.04,-79.20528858438998,43.79038998260931
5350363.05,-79.19632982806105,43.78676905416772
5350363.06,-79.24869100278246,43.780027963425326
5350363.07,-79.22989783608291,43.78032500656288
5350364.01,-79.21087379653602,43.773867097966644
5350364.02,-79.21217727543237,43.76681348593004
5350365.00,-79.22339710002022,43.76879958377781
5350366.00,-79.23381201177716,43.76169471908188
5350367.01,-79.23425058404055,43.77175367337427
5350367.02,-79.24529625529246,43.76789133494581
5350368.01,-79.25752673152013,43.77278064826239
5350368.02,-79.25383530442313,43.764238983943386
5350369.00,-79.26276799736915,43.75880075372652
5350370.01,-79.28693446997666,43.768323048030595
5350370.02,-79.28132296362678,43.76229892016809
5350370.03,-79.28279164248819,43.75311283561806
5350371.00,-79.29952409500835,43.74999713640014
5350372.00,-79.30684954095842,43.76213497748542
5350373.00,-79.31336413020877,43.7579063956685
5350374.01,-79.31180311418576,43.77421686709887
5350374.02,-79.30198836326471,43.77602307522394
5350374.03,-79.29205858756832,43.77947010206919
5350375.01,-79.32350944030699,43.7822165408769
5350375.02,-79.31451195480814,43.780503857530505
5350375.03,-79.3033653965158,43.782695297482604
5350375.04,-79.3107340932469,43.79388644846818
5350375.05,-79.31750857669776,43.79163763171052
5350376.01,-79.29888734329252,43.797487801233004
5350376.02,-79.30192046643702,43.802555185020864
5350376.04,-79.32798033862734,43.80942777991543
5350376.05,-79.30870117184121,43.81624186812328
5350376.06,-79.29827277292517,43.816079545298315
5350376.08,-79.31400688172467,43.8009236801716
5350376.09,-79.32825259077397,43.81548601237111
5350376.11,-79.33024702856726,43.79707667350746
5350376.12,-79.32382649949258,43.799054020881584
5350376.13,-79.32074346801056,43.81162735098248
5350376.14,-79.3176007110239,43.815172124576506
5350376.15,-79.29529680624806,43.789667651635774
5350376.16,-79.2930193362925,43.7837198655063
5350377.01,-79.28459749147983,43.78601350895396
5350377.02,-79.27353210375493,43.78734671595026
5350377.03,-79.28024445526111,43.80091189946882
5350377.04,-79.28505741266157,43.80942243486421
5350377.06,-79.29083919533636,43.824098025883536
5350377.07,-79.28830787506729,43.817326047819606
5350378.02,-79.26050221544092,43.785325076217646
5350378.03,-79.22446766828163,43.79452692597686
5350378.04,-79.23443595824216,43.79798259860296
5350378.05,-79.20765496440555,43.80602658428643
5350378.06,-79.22878273916453,43.81178926579785
5350378.07,-79.2478926931406,43.789806456961806
5350378.08,-79.26453043477196,43.81271807541852
5350378.11,-79.22176586159601,43.803592291012286
5350378.12,-79.21387001220369,43.80372696528955
5350378.14,-79.27430422083171,43.811525499793554
5350378.16,-79.2192499005113,43.812534863406675
5350378.17,-79.20957706247657,43.811758389054255
5350378.18,-79.27321662700652,43.82445553865858
5350378.19,-79.26835195156346,43.82291493090078
5350378.20,-79.2762652798043,43.824508928448
5350378.21,-79.27858219306805,43.82015209453303
5350378.22,-79.28105107367848,43.826785331551925
5350378.23,-79.26937692237932,43.803345530613974
5350378.24,-79.2599219943415,43.80647627285304
5350378.25,-79.22860316960619,43.82652788546995
5350378.26,-79.22558778467882,43.83201665289107
5350378.27,-79.18292583535951,43.80867900623865
5350378.28,-79.2046289345014,43.81910669966774
5350400.02,-79.25216745272847,43.890547159554764
5350400.03,-79.26817500204972,43.886266188266944
5350400.04,-79.27507066796886,43.86704455449913
5350400.06,-79.24080355065246,43.88462784909956
5350400.07,-79.25162990012164,43.881171671389694
5350400.08,-79.26819653851994,43.8749896455025
5350400.11,-79.2723887235499,43.8462973151321
5350400.12,-79.27976910835287,43.881402343762474
5350400.13,-79.25972386845231,43.846749420757554
5350400.14,-79.26016524545247,43.837913782346945
5350400.15,-79.2451988558325,43.87216059985645
5350400.16,-79.24392468602089,43.861857630550794
5350400.17,-79.2718699191477,43.83863577906803
5350400.18,-79.2708053823454,43.834514295459
5350400.19,-79.23082167111501,43.892416843862286
5350400.20,-79.21863862649232,43.89283298952215
5350400.21,-79.2280474865877,43.876205753699004
5350400.22,-79.22206523353039,43.862683189190925
5350400.23,-79.24481960333706,43.8463259334504
5350401.04,-79.32091634655733,43.82561831829466
5350401.05,-79.33884569166268,43.85293760302374
5350401.06,-79.32872475604219,43.86395224688808
5350401.07,-79.31368416388769,43.86753471241783
5350401.08,-79.32536296280712,43.87403257736189
5350401.09,-79.34252716383145,43.861439252568395
5350401.10,-79.35646059528115,43.86303303628416
5350401.11,-79.28550132327807,43.84309950642824
5350401.13,-79.29446231342297,43.83074771438444
5350401.14,-79.2980982223498,43.876924876621764
5350401.15,-79.29514028107562,43.86927815582238
5350401.17,-79.29754807819882,43.837660759905745
5350401.18,-79.31975931086748,43.84899791672845
5350401.19,-79.311113482699,43.827745156657166
5350401.20,-79.28518256095083,43.83357793034539
5350401.21,-79.27901345840483,43.83439693206067
5350401.22,-79.29499775728462,43.85794246342596
5350401.23,-79.29202115524532,43.85103965697224
5350402.01,-79.36149294010106,43.81648864679954
5350402.02,-79.41151870154518,43.80397252237047
5350402.03,-79.4145897948401,43.82057037099983
5350402.04,-79.37298472843577,43.815397842118564
5350402.05,-79.39001858293364,43.80922356511898
5350402.06,-79.41729017809722,43.811074084934766
5350402.07,-79.40990832920562,43.83189768745546
5350402.08,-79.39788017930074,43.826281284068614
5350402.09,-79.42126264032203,43.827147589326586
5350402.10,-79.39358931917793,43.8198442284468
5350402.12,-79.39096158431836,43.83959111580861
5350402.13,-79.37673309801657,43.82984220779215
5350403.01,-79.35259144888121,43.87685766629496
5350403.04,-79.3689591648058,43.878288829550804
5350403.05,-79.3251272865467,43.889240145753234
5350403.07,-79.30310016174981,43.887298889347456
5350403.09,-79.3121934215861,43.894394021383455
5350403.10,-79.29949951788699,43.89769376262278
5350403.11,-79.28080168951163,43.902047142691316
5350403.12,-79.25421372303896,43.90653339112978
5350403.13,-79.25149771113583,43.899378710154494
5350403.14,-79.27810626239241,43.89355820153143
5350403.15,-79.37079666833614,43.89724135309642
5350403.16,-79.24796921975712,43.90800621994376
5350410.02,-79.4559540961507,43.79187653496832
5350410.03,-79.43655083560168,43.80891903568907
5350410.04,-79.45344650073143,43.79862048314493
5350410.05,-79.44219593945006,43.81935466114556
5350410.07,-79.46342076358337,43.79634613838904
5350410.09,-79.43749788361606,43.79615309299725
5350410.10,-79.4289935369105,43.8044809344997
5350410.11,-79.44138030086212,43.800816794653606
5350410.12,-79.45412188742229,43.809842295909334
5350410.13,-79.46356596050238,43.81502455406167
5350410.14,-79.46517662176899,43.803647259964805
5350410.15,-79.47688721022321,43.80009346648196
5350411.01,-79.47798433877765,43.79039941198698
5350411.04,-79.50544986709211,43.84565149797119
5350411.07,-79.51545186514619,43.84324284311604
5350411.08,-79.50246441330914,43.81590106746139
5350411.09,-79.48785366244438,43.837204431179046
5350411.12,-79.5349224454929,43.858077465480186
5350411.15,-79.51504628697872,43.857299467453814
5350411.16,-79.508546774108,43.889027467179126
5350411.17,-79.47516094832295,43.873799520694824
5350411.18,-79.4943828599152,43.85143013248048
5350411.19,-79.46953253193456,43.85555975448006
5350411.21,-79.5402443263877,43.83339440076427
5350411.22,-79.52921846698106,43.845720598384425
5350411.23,-79.52597267272868,43.8369304919688
5350411.24,-79.54518306037569,43.86107847160556
5350411.25,-79.54289154834368,43.85372887078993
5350411.26,-79.52507571615081,43.868199461211724
5350411.27,-79.52236028586395,43.862818686580326
5350411.28,-79.47479551611906,43.84005446259367
5350411.29,-79.46308867064762,43.83794435791618
5350411.30,-79.47170187828907,43.82925821655484
5350412.01,-79.57863012068522,43.783683185091306
5350412.02,-79.59938696371856,43.781288797059865
5350412.04,-79.56689411122402,43.78968104236211
5350412.06,-79.56903827201842,43.80001918963637
5350412.08,-79.60985797626923,43.789485054702354
5350412.10,-79.61811367058341,43.785124142267506
5350412.11,-79.62213855732996,43.79998148721532
5350412.12,-79.55642618055039,43.793449826171155
5350412.13,-79.55730379253419,43.80151695663291
5350412.14,-79.61163073103319,43.8083405656632
5350412.15,-79.59291588970159,43.80563373501722
5350412.18,-79.56479960247171,43.81509656902417
5350412.19,-79.61760268280516,43.82441821590131
5350412.20,-79.61396606930015,43.817189515109185
5350412.21,-79.6010516647169,43.8253602469355
5350412.22,-79.57010294556127,43.83837548773306
5350412.24,-79.5535243422651,43.837188410128974
5350412.25,-79.56900531441018,43.82686932675563
5350412.26,-79.56778889601566,43.83141753228883
5350413.01,-79.6352774260661,43.84421427624348
5350413.02,-79.56456670427022,43.85346665763378
5350420.03,-79.42012595023502,43.866774348661515
5350420.05,-79.3959431929945,43.84523285592368
5350420.06,-79.40227241022957,43.854822294533996
5350420.08,-79.4307475280878,43.86750203939383
5350420.09,-79.43016355737727,43.86063187473613
5350420.10,-79.39397442892154,43.87251314226898
5350420.11,-79.40381883363072,43.86734842225289
5350420.13,-79.42049620418905,43.84473114728791
5350420.14,-79.42574134996154,43.84801586815106
5350420.15,-79.41619711482782,43.85256497975934
5350421.01,-79.44110328031904,43.841422908270516
5350421.04,-79.43924484078238,43.855897744257796
5350421.05,-79.45172709983395,43.85302960763465
5350421.06,-79.44243161473987,43.86558570667906
5350421.07,-79.45381694127379,43.86241450328111
5350422.02,-79.42770640064667,43.88783251822935
5350422.03,-79.40250576704094,43.89258277700559
5350422.04,-79.39957702960561,43.88430085286131
5350422.05,-79.41048110787814,43.88359514897916
5350422.06,-79.42763182639258,43.87782046204029
5350423.01,-79.45191038218864,43.87209749368132
5350423.02,-79.45127682425615,43.88109167116169
5350424.04,-79.42471170296143,43.89757719829977
5350424.05,-79.43720471366062,43.900546201198836
5350424.07,-79.45614306752181,43.90041642375787
5350424.08,-79.45545571807823,43.89159939395598
5350424.09,-79.47138703565706,43.94517651633074
5350424.10,-79.47415383700861,43.953440461809876
5350424.11,-79.44527968500599,43.95520704698696
5350424.13,-79.4158368667728,43.93620414178048
5350424.14,-79.46797080903718,43.92988674955397
5350424.15,-79.44004631202185,43.928840072101835
5350424.16,-79.46293227276726,43.91272376562635
5350430.03,-79.23853379182502,43.9786722350312
5350430.05,-79.23231879452315,43.96942324221016
5350430.06,-79.24000124887912,43.96234939682476
5350430.07,-79.26443164058301,43.973377776293184
5350430.08,-79.25974364235776,43.96028844862619
5350431.01,-79.28279436731091,44.03134143695618
5350431.02,-79.35423230692804,44.01496674810073
5350440.00,-79.44716550870118,43.990129662252016
5350441.02,-79.47244650900907,43.99187157609493
5350441.03,-79.48111897513513,43.98459182053831
5350441.04,-79.47528656063388,43.97350406181817
5350442.02,-79.47894930594966,44.0022940102571
5350442.03,-79.48682816525492,44.00630372641351
5350442.04,-79.46670494297238,44.01070104133156
5350442.05,-79.45343875357828,44.015205111548184
5350442.06,-79.43835872234916,44.01670356413016
5350450.02,-79.44762244482293,44.057700949688865
5350450.03,-79.43823810094162,44.05123530759089
5350450.05,-79.44906411023698,44.033539736008976
5350450.06,-79.42646364782921,44.03804914799258
5350451.01,-79.46440575087142,44.04437807698739
5350451.02,-79.46623639868797,44.053355411949596
5350451.03,-79.47003172391312,44.03442835233327
5350451.05,-79.49338759478216,44.04595205718126
5350451.06,-79.48923550406406,44.03776324087064
5350451.07,-79.48301994021965,44.02912752816831
5350452.01,-79.44925941075643,44.067230292344114
5350452.02,-79.47237235283977,44.060488571168634
5350452.03,-79.44258586220937,44.07159599701415
5350452.05,-79.49710844900562,44.055732828623235
5350452.06,-79.49091736407915,44.06407203382281
5350452.07,-79.47015878802502,44.0686434885351
5350455.00,-79.32612331874563,44.13998142746497
5350456.01,-79.43717549025934,44.1164414155501
5350456.02,-79.48826024766504,44.089503420784375
5350456.03,-79.50173813978665,44.12451271376908
5350460.01,-79.52551307695913,43.92926665516126
5350460.02,-79.54131201784318,44.017253026871174
5350461.01,-79.64929225004278,43.907764880464846
5350461.02,-79.65902401556967,43.980403809691154
5350470.00,-79.19677263706842,44.2938716334264
5350471.00,-79.34837258774387,44.263081757418085
5350472.00,-79.4669598466088,44.200816670236215
5350473.01,-79.45815744064977,44.238156776094414
5350473.02,-79.46008658547626,44.21979795913093
5350473.03,-79.47390307893224,44.24124478581871
5350474.00,-79.4596808887148,44.28299420581354
5350475.00,-79.36092346227893,44.31352056232027
5350476.01,-79.29691920334587,44.37439075861282
5350476.02,-79.25336152990853,44.338709570877235
5350480.01,-79.56496628085183,44.108066062041935
5350480.02,-79.58480136071144,44.102672855127345
5350481.01,-79.58140130460006,44.118296392995276
5350481.02,-79.56384577174396,44.120963106723295
5350482.00,-79.61086850592253,44.114178388736775
5350483.01,-79.8049172844256,44.025669199576015
5350483.02,-79.76272961260574,44.01672098165458
5350484.02,-79.78346932497124,44.07803921634604
5350484.03,-79.79976637846157,44.159353422920354
5350484.04,-79.78556466252137,44.13568349745799
5350485.01,-79.86663272086143,44.16200503697888
5350485.02,-79.87064934164344,44.14684063130039
5350500.01,-79.57170778715599,43.56586740940141
5350500.02,-79.55720229620698,43.580380404173596
5350501.01,-79.62431055860608,43.51282806417428
5350501.02,-79.6095889294743,43.52704872492005
5350502.01,-79.64774957830264,43.50572688157699
5350502.02,-79.64240462074636,43.51219609186997
5350503.00,-79.65070042024887,43.513483781359376
5350504.00,-79.63744443457495,43.52115266522131
5350505.01,-79.62854212855025,43.5330088965599
5350505.02,-79.61023393453218,43.54354479644682
5350506.00,-79.59764971055361,43.55923499075454
5350507.00,-79.58633248734282,43.56690200557687
5350508.00,-79.57935254760832,43.57430268144161
5350509.01,-79.57043540461457,43.5806417564593
5350509.02,-79.56482890219644,43.593733541438546
5350510.00,-79.57589548685687,43.59771596384273
5350511.01,-79.60168300129007,43.57238936625287
5350511.02,-79.59260281811636,43.5800083575201
5350512.00,-79.60841218885632,43.581250800763044
5350513.01,-79.63568207603291,43.556513486221135
5350513.02,-79.61724726338845,43.57313449040347
5350513.03,-79.61021996537708,43.571863919924645
5350513.04,-79.62333157194455,43.56484518401118
5350514.01,-79.6345953365898,43.54156842190434
5350514.02,-79.65217760224033,43.53122481822924
5350515.01,-79.67217991860821,43.523128085621096
5350515.02,-79.66264700291266,43.52941555060149
5350516.01,-79.75622109024229,43.573344164149205
5350516.02,-79.77078083398231,43.59562536840023
5350516.03,-79.76191054030701,43.58915625044168
5350516.04,-79.75405745688525,43.58585212714433
5350516.05,-79.74841858271581,43.57637581903009
5350516.06,-79.74457186461048,43.58068818490232
5350516.08,-79.68846226789515,43.53943515566017
5350516.09,-79.68063637153942,43.534932030547665
5350516.11,-79.68444229115231,43.554309023882546
5350516.16,-79.67210038172067,43.54552831052519
5350516.17,-79.69170413852399,43.54823792482867
5350516.18,-79.69855768664408,43.5432724394975
5350516.20,-79.7766854492342,43.587686107786446
5350516.21,-79.77169425479651,43.572552627047656
5350516.22,-79.76689523526214,43.5657194663341
5350516.23,-79.75810793513887,43.56408567446094
5350516.24,-79.70963859827424,43.53276810830462
5350516.25,-79.7034266947551,43.52879865854531
5350516.26,-79.69584242420387,43.523311158207676
5350516.28,-79.73608961564912,43.56757136546705
5350516.29,-79.73082738492502,43.57193609405438
5350516.30,-79.71099237929711,43.568867214749844
5350516.31,-79.69584532633225,43.561028002432344
5350516.32,-79.77990916095133,43.57681974843855
5350516.37,-79.70983510141959,43.55112882437233
5350516.38,-79.72024877351714,43.54207063327809
5350516.39,-79.78921638526707,43.58633818346749
5350516.40,-79.7854150011419,43.58085749321339
5350516.41,-79.74134515319227,43.56288197279599
5350516.42,-79.75157835957978,43.556269436938486
5350516.43,-79.71951501921421,43.564075550578714
5350516.44,-79.72430032003348,43.55814952635043
5350516.46,-79.73822412270756,43.55113190566382
5350516.47,-79.74332116267904,43.54604884265905
5350516.48,-79.73056863757978,43.55473845103857
5350516.49,-79.72749890730016,43.54432315165264
5350517.00,-79.6594875164491,43.55560278052417
5350518.00,-79.64961197142038,43.55707614782924
5350519.00,-79.65997961323029,43.562933070994546
5350520.01,-79.6446424409279,43.56317493231067
5350520.02,-79.64130763680443,43.578536638633814
5350520.05,-79.62750000536174,43.58470782222395
5350520.07,-79.62295096290886,43.58125131649936
5350520.08,-79.63012407147853,43.57294215737181
5350520.09,-79.63371779321346,43.59030091342666
5350520.10,-79.63966346395719,43.58561649616177
5350521.01,-79.6312507178427,43.592776726956956
5350521.02,-79.61935478852445,43.60133469245902
5350521.03,-79.62222436762119,43.58906416849588
5350521.04,-79.60887530967373,43.59507659727377
5350521.05,-79.6151323365397,43.58552993992559
5350521.06,-79.62668228315628,43.59590508507059
5350522.00,-79.60473259405052,43.60319265556352
5350523.00,-79.60263016709548,43.61516842683279
5350524.01,-79.59395456515819,43.60603427744068
5350524.02,-79.59170412106602,43.61130219946541
5350525.01,-79.58877688677174,43.618039168773535
5350525.02,-79.579394578033,43.617803667803365
5350526.01,-79.59400502562436,43.6214595286001
5350526.02,-79.5885750190172,43.62739100526143
5350527.01,-79.65030263789309,43.58653020106117
5350527.02,-79.60439161653797,43.62898219677105
5350527.03,-79.63482769614785,43.59816038191846
5350527.04,-79.59546586523425,43.6367472469459
5350527.05,-79.61231827459542,43.622145079100626
5350527.06,-79.61949912563954,43.614613111410904
5350527.07,-79.62892933872159,43.60809564905178
5350527.08,-79.65889393138447,43.578182007718375
5350527.09,-79.66791967052195,43.57104113735856
5350528.01,-79.68263529736231,43.57373671631269
5350528.02,-79.6728941552875,43.58359732896352
5350528.10,-79.65927650603203,43.595202567266334
5350528.11,-79.6507228016384,43.603440423041846
5350528.12,-79.70717169875701,43.589106728274785
5350528.13,-79.69543597068255,43.579754574522596
5350528.15,-79.68747216139877,43.58428932094954
5350528.16,-79.68361615517281,43.589981072436906
5350528.18,-79.682473803745,43.60521398253495
5350528.19,-79.6723761762904,43.597830128213815
5350528.20,-79.72024993427353,43.6639088616967
5350528.21,-79.73220782330074,43.65706246680207
5350528.22,-79.72688251320959,43.65214601677965
5350528.24,-79.66639291703774,43.603972227792696
5350528.25,-79.65302077874517,43.614004369682405
5350528.26,-79.66014799088691,43.608848291826114
5350528.31,-79.74395305611385,43.65078837051952
5350528.32,-79.70669819116517,43.614450557953205
5350528.33,-79.71123594767658,43.60433852900249
5350528.34,-79.65971796376374,43.61965939808997
5350528.35,-79.64372470457742,43.62200666469379
5350528.36,-79.74058716894403,43.64473862951436
5350528.37,-79.7580955387538,43.63620523503405
5350528.39,-79.74408253162319,43.621626695046174
5350528.40,-79.72096322405918,43.622317205240606
5350528.41,-79.69428514393441,43.65051159948788
5350528.42,-79.68813697177943,43.60200965858293
5350528.43,-79.67679518856494,43.59286496722784
5350528.44,-79.63610370993914,43.6148925432459
5350528.45,-79.64514100182026,43.607314155193386
5350528.46,-79.70521036106813,43.59968868186083
5350528.47,-79.6952217864014,43.592934181256496
5350528.48,-79.72302525390376,43.64018664454364
5350528.49,-79.73065389041365,43.63323083084446
5350529.01,-79.64402459538353,43.707858008806504
5350529.02,-79.6416931950306,43.71565791846046
5350530.01,-79.63292949671342,43.72179189433321
5350530.02,-79.63017494602062,43.71822093333381
5350531.01,-79.64222552330381,43.725832639486185
5350531.02,-79.63442230777522,43.730880247811136
5350532.01,-79.65367293283205,43.715589302166
5350532.02,-79.64754783711686,43.72162988335928
5350540.01,-79.59111299225486,43.547533168731505
5350540.02,-79.58043993068513,43.55698139676776
5350550.01,-79.72669854343853,43.6011959315696
5350550.02,-79.71969550493056,43.57905093520712
5350560.00,-79.69639661467943,43.71777667054188
5350561.00,-79.70523492135001,43.706912452529814
5350562.02,-79.74112251892795,43.71583502300711
5350562.03,-79.74559957972296,43.73661107382004
5350562.04,-79.73833224717762,43.73233088801386
5350562.05,-79.72730041808704,43.72117194202148
5350562.06,-79.73589376918179,43.746421650169275
5350562.07,-79.72788363451716,43.74239136048385
5350562.08,-79.72169391573384,43.73686667821023
5350562.09,-79.71559025194026,43.73093732943437
5350562.11,-79.7340780655248,43.72569038832591
5350562.12,-79.72846425282148,43.70884213859332
5350562.13,-79.71939214717878,43.70535793510838
5350562.14,-79.75080300012912,43.72738184525919
5350562.15,-79.75651871902035,43.72320280811868
5350563.01,-79.71568236022796,43.72007070204333
5350563.02,-79.71460015506554,43.71262345132969
5350564.01,-79.70500898067439,43.722318465974205
5350564.02,-79.70900979341508,43.725846877938395
5350570.01,-79.72899219129312,43.6788571522989
5350570.02,-79.73483691640918,43.67540256130378
5350571.01,-79.74863217010329,43.690642693964975
5350571.02,-79.74219894457029,43.68163629539577
5350572.01,-79.7567723205307,43.67378050370935
5350572.04,-79.74574895017409,43.66244342663766
5350572.05,-79.74035205039311,43.666709071939984
5350572.07,-79.75715202640416,43.65796346215547
5350572.08,-79.75208242965095,43.65364138455459
5350572.09,-79.77131533209605,43.66602906255413
5350572.10,-79.77312575003668,43.66233439749649
5350573.03,-79.78068889953965,43.6967963769407
5350573.05,-79.78151921396584,43.674242965637944
5350573.06,-79.790321963177135,43.69464937715094
5350573.07,-79.77622343998895,43.685816546188896
5350573.09,-79.78980034945116,43.68029848137242
5350573.10,-79.79499646334578,43.68804273413553
5350573.11,-79.80011937239352,43.6854436209148
5350574.00,-79.76144950055186,43.68661649975485
5350575.01,-79.76728726170236,43.70118820207628
5350575.02,-79.75738447376936,43.69703868305564
5350575.03,-79.75765997350135,43.70990480501311
5350575.04,-79.74927620456853,43.7045764875812
5350575.05,-79.77667521009454,43.70735663903346
5350575.07,-79.76138805330973,43.71988201057166
5350575.08,-79.76810725558435,43.71498639174413
5350576.04,-79.80046744399085,43.73676045388429
5350576.05,-79.78631570969978,43.7189058612064
5350576.06,-79.78209711364862,43.72537830240417
5350576.07,-79.79347058387336,43.7138924274571
5350576.09,-79.80523244688334,43.73219320765579
5350576.10,-79.77211841186951,43.740442112526765
5350576.16,-79.75980180575807,43.742196123743824
5350576.17,-79.75457382014602,43.7465759699014
5350576.20,-79.74918464159816,43.75212585962547
5350576.22,-79.73357884236084,43.7620511188129
5350576.24,-79.73804544358002,43.795043950499895
5350576.29,-79.810379785161075,43.68085428347377
5350576.31,-79.82647701535853,43.73401157904179
5350576.32,-79.82448324703603,43.72399422635116
5350576.33,-79.80466102102355,43.72220796739253
5350576.34,-79.81542777238337,43.71402999775478
5350576.40,-79.7151389528203,43.76079588631369
5350576.41,-79.82649420556106,43.68959807303503
5350576.42,-79.82068400492876,43.68269019714248
5350576.43,-79.80997617946026,43.69952554313384
5350576.44,-79.81629638572937,43.6946766000538
5350576.45,-79.74925708731006,43.75916869491951
5350576.46,-79.74082150546285,43.75481287381206
5350576.47,-79.73251675294496,43.78486858402955
5350576.49,-79.8277025100582,43.708967741447694
5350576.50,-79.82159730692457,43.70502438836302
5350576.52,-79.83809332744548,43.69485118672336
5350576.53,-79.8336764565349,43.69969276776378
5350576.54,-79.76373108601078,43.762998959857455
5350576.55,-79.75712950585454,43.766282010960296
5350576.56,-79.69974348214451,43.77526103068198
5350576.57,-79.69098498067557,43.768112904104186
5350576.58,-79.77022026955429,43.75733959582765
5350576.59,-79.77274065889621,43.75168094430624
5350576.60,-79.6782027672575,43.795583134461786
5350576.61,-79.67011447617634,43.7886991047047
5350576.62,-79.6620633385906,43.77800125620876
5350576.63,-79.68648252778225,43.78160066554355
5350576.64,-79.67436562453375,43.772359501341306
5350576.65,-79.66309492991343,43.76978043397087
5350576.66,-79.74427739749284,43.77504836025366
5350576.67,-79.7492601021798,43.771596508785834
5350576.68,-79.73790456969668,43.779071458710554
5350576.69,-79.72366550945549,43.77098128952885
5350576.70,-79.82883670091898,43.67975131531623
5350576.71,-79.79207207388633,43.660912815247585
5350576.72,-79.77802978923238,43.64105669517708
5350585.02,-79.76105625663891,43.86314643842667
5350585.03,-79.74270525118378,43.87574068525021
5350585.05,-79.73844122918334,43.891594508599624
5350585.07,-79.8658549953398,43.90710283592347
5350585.08,-79.80245883669225,43.95012083778571
5350585.09,-79.72296134111572,43.877399261069804
5350585.10,-79.71395354363611,43.86906890975556
5350586.01,-79.83027706513845,43.761627443686116
5350586.02,-79.90995056636503,43.741906316340945
5350587.01,-79.93645411213232,43.87712036560994
5350587.02,-80.01684311186597,43.830686289213915
5350590.00,-80.09452241259834,43.91323941264719
5350591.01,-80.12859843341323,43.90741862943604
5350591.02,-80.1118277984962,43.90333955831914
5350592.01,-80.08858179075146,43.922768291100965
5350592.02,-80.11705955910567,43.92238778718769
5350593.00,-80.07029721093608,43.98216691416543
5350600.01,-79.64266414933796,43.480173323676404
5350600.02,-79.66075760302984,43.49861124321979
5350601.00,-79.65759863979342,43.468779581852374
5350602.00,-79.66984632424982,43.456351596268334
5350603.00,-79.68013208302423,43.4462735043193
5350604.00,-79.66548636316313,43.44803246964853
5350605.00,-79.6780169722981,43.43593052302693
5350606.00,-79.68732063000483,43.43812587936011
5350607.00,-79.70086710455736,43.42633313550872
5350608.00,-79.70732160764867,43.4167883683206
5350609.00,-79.69562556025295,43.41364454431589
5350610.02,-79.72448449866269,43.382578856976
5350610.03,-79.71002040829828,43.39687996421353
5350610.04,-79.70408276847475,43.40283015859525
5350611.00,-79.71913842270787,43.40699944148236
5350612.01,-79.75553068069415,43.40596345677005
5350612.03,-79.74235886539432,43.42846776736814
5350612.05,-79.71620639500287,43.44580698316483
5350612.08,-79.70739106448056,43.4843871534565
5350612.10,-79.68352053123957,43.504494606824295
5350612.11,-79.73506218898524,43.4632891993636
5350612.12,-79.72624894933628,43.469461008980055
5350612.13,-79.73009817935001,43.439817439063816
5350612.14,-79.72490896475716,43.43329919451548
5350612.15,-79.77546582597157,43.42542557109818
5350612.18,-79.75113097903228,43.45091924008066
5350612.19,-79.73770711184929,43.45041434166985
5350612.20,-79.7429664035504,43.44460546081167
5350612.21,-79.75837491928088,43.44207918595733
5350612.22,-79.76663384951566,43.43547083659962
5350612.23,-79.75441686628155,43.432036713782054
5350612.24,-79.69873830807713,43.49688571265996
5350612.25,-79.69874891314824,43.4892524862693
5350612.26,-79.71958127876941,43.47926637943398
5350612.27,-79.71450263775561,43.47288736347264
5350613.01,-79.70761736950531,43.45889603342558
5350613.03,-79.69535474542782,43.46219788673583
5350613.04,-79.69697830383538,43.470144364826034
5350614.01,-79.69162004519775,43.47755457169408
5350614.02,-79.68295680526492,43.47924134070052
5350615.00,-79.74427246200652,43.47782611453468
5350620.01,-79.86346084295995,43.534427075192745
5350620.05,-79.83116965803536,43.523654961196925
5350620.06,-79.84241971342283,43.518047778243485
5350620.07,-79.83554914196081,43.513739071805496
5350620.08,-79.85078725438981,43.528194009315
5350620.09,-79.84626999329015,43.52381061664586
5350620.10,-79.88613817377433,43.496117668044285
5350620.11,-79.87011435606139,43.48571436549629
5350620.12,-79.85240128306872,43.50103913703963
5350620.13,-79.85821669398887,43.48827464459378
5350621.00,-79.86229978130497,43.51559184899889
5350622.00,-79.8748325367317,43.504678712242224
5350623.00,-79.88403910949249,43.51736366821754
5350624.00,-79.8790852481581,43.52743262759709
5350625.00,-79.8951772529441,43.5322431310853
5350626.00,-80.0273191454865,43.525016047248656
5350630.00,-79.88465162508366,43.593907153807535
5350631.02,-79.87391027296405,43.635806020579224
5350631.03,-79.8959190412333,43.63235576063094
5350631.04,-79.88273519823562,43.62789676119878
5350632.00,-79.88470817924271,43.64553353342041
5350633.00,-79.9091448227308,43.65846359970077
5350634.01,-79.9163105444175,43.64035575061396
5350634.02,-79.90271171174851,43.64430087083234
5350635.00,-79.92870040506482,43.648399700595064
5350636.00,-79.93420480811598,43.65448634211253
5350637.00,-79.9667443133248,43.65506707890132
5350638.00,-80.03510544331526,43.62938871217157
5350639.00,-80.03878326103344,43.64028333232541
5350800.01,-79.0884969157115,43.823020168293475
5350800.02,-79.07901560342066,43.823337568480106
5350801.01,-79.1036388431666,43.81690380116758
5350801.02,-79.11499884554527,43.8056389698731
5350802.01,-79.13698562512104,43.786500710922155
5350802.02,-79.13128083343334,43.78998035899413
5350803.03,-79.13164541006918,43.815270421172045
5350803.04,-79.14666482592058,43.82373732052525
5350803.05,-79.13035202225842,43.826437355877786
5350803.06,-79.12796119189399,43.83443045608811
5350804.01,-79.10720553465646,43.836887904223715
5350804.05,-79.11706828484918,43.83334322413972
5350804.06,-79.09691643207486,43.84236971771173
5350804.07,-79.08553191230952,43.84444368316785
5350804.08,-79.0993518090791,43.84849821876272
5350804.10,-79.08863115649386,43.836863189284365
5350804.11,-79.07301789322204,43.8428937267498
5350804.12,-79.08554665175697,43.86906146970783
5350804.13,-79.08398047031507,43.85560001483178
5350805.04,-78.9902313964224,43.836787770984124
5350805.06,-79.03370638466986,43.86606392529442
5350805.09,-79.03092584257288,43.873537905773176
5350805.10,-79.04568852736381,43.868802792533685
5350805.12,-79.0529249281419,43.880111384239136
5350805.14,-79.01989343388315,43.89529625558772
5350805.15,-79.00829361162822,43.88343118224536
5350805.16,-79.03779283632842,43.89167923800629
5350805.17,-79.03797981818933,43.88201736856904
5350805.18,-79.03817224827961,43.85377506773769
5350805.19,-79.04472984338892,43.86015935280892
5350805.20,-79.00387703472782,43.84111391181436
5350805.21,-79.00921400074884,43.863220740145884
5350806.00,-79.10457180891376,43.895675405350126
5350807.00,-79.11601497911941,43.967247187554925
5350810.01,-79.01331553654005,43.84132458892886
5350810.02,-79.00965249903555,43.83536534494192
5350810.03,-79.00864003071305,43.827333468702136
5350810.04,-79.0189750328374,43.827821240863514
5350810.05,-79.03048602708226,43.82445453041483
5350811.00,-79.02001307542729,43.847476591418165
5350812.00,-79.024811577535,43.85707795208787
5350820.03,-79.05332957270137,43.86288392501372
5350820.04,-79.05735844643499,43.869603426284364
5350820.05,-79.06629084939875,43.86647146999714
5350820.06,-79.05171263584428,43.85107946962817
5350820.07,-79.06349778547124,43.858831975190384
5350830.00,-79.17625464756559,44.048447153825364
5350831.01,-79.12680138615316,44.11458974412292
5350831.02,-79.1179882489063,44.1010897243782
5350832.00,-79.20407607257397,44.17742542859399
5370001.01,-79.82406258465089,43.202709376060696
5370001.02,-79.84810963940394,43.194106997366575
5370001.04,-79.87899525695966,43.20333686089589
5370001.05,-79.87723377419199,43.21271777633083
5370001.06,-79.85835177330738,43.20708922472592
5370001.07,-79.84415781021298,43.204010747417044
5370001.08,-79.86158705466698,43.19947233617419
5370001.09,-79.87385266135126,43.1949720252513
5370002.01,-79.89836185717783,43.21739336733463
5370002.03,-79.91162785181258,43.22033900137244
5370002.04,-79.92382829501818,43.223931829369384
5370002.05,-79.91845573123344,43.2108879242702
5370002.06,-79.90313478025922,43.20554546779143
5370003.01,-79.92368520690007,43.23776201780057
5370003.02,-79.92041571975248,43.230744976690076
5370003.03,-79.9080718332724,43.228003040768854
5370003.04,-79.89402760405738,43.2254744909005
5370004.01,-79.87832389785339,43.2231683627629
5370004.02,-79.86921054380602,43.22051974528529
5370005.01,-79.85240279866997,43.21656647984401
5370005.02,-79.84057738069201,43.212629095831396
5370005.03,-79.8290864537585,43.2107047629634
5370006.00,-79.82465188000269,43.21912841307156
5370007.00,-79.83678651878776,43.22199065520907
5370008.00,-79.84538861861304,43.224926970970365
5370009.00,-79.85530101711763,43.22731572064099
5370010.00,-79.8655892101506,43.22983641227067
5370011.00,-79.8743424109584,43.2319824348955
5370012.00,-79.88257086671456,43.23333226870167
5370013.00,-79.89395854871495,43.23523939993875
5370014.00,-79.90390519572605,43.23795884943443
5370015.00,-79.91200642594197,43.238543975825834
5370016.00,-79.91775156142977,43.240872538656276
5370017.00,-79.89365943128831,43.248379327255336
5370018.00,-79.88466352079335,43.240056443987264
5370019.00,-79.87312996927533,43.240480579382364
5370020.00,-79.86080527337519,43.2391494140445
5370021.00,-79.85127682297394,43.23674038382753
5370022.00,-79.84129850288161,43.23525874078777
5370023.00,-79.83292900310379,43.23103971865734
5370024.00,-79.82296501907486,43.226507682600364
5370025.00,-79.80901742749195,43.224265077051456
5370026.01,-79.78073696174577,43.227005436427305
5370026.02,-79.77092031003616,43.225640752009014
5370026.03,-79.77600597450844,43.21468518776615
5370026.04,-79.79091603453776,43.208035354398824
5370026.05,-79.79457973871975,43.21837155052125
5370026.06,-79.7860615874536,43.2147489903947
5370027.00,-79.79162386715316,43.23053185525911
5370028.00,-79.7990466316558,43.23049994109422
5370029.00,-79.80705337712345,43.23378199548187
5370030.00,-79.81686634406353,43.23692723751591
5370031.00,-79.82401341926403,43.23947177937606
5370032.00,-79.83519038318464,43.24331364116807
5370033.00,-79.84678814697104,43.24671348223846
5370034.00,-79.86780672046757,43.24918364034083
5370035.00,-79.85531793704442,43.24925397138952
5370036.00,-79.86321459734695,43.25235640220295
5370037.00,-79.87695272071713,43.256291055907965
5370038.00,-79.87394233230246,43.251512208710885
5370039.00,-79.87822735634161,43.25287446753296
5370040.00,-79.8839672008917,43.25299253377191
5370041.00,-79.88399764634264,43.259058200930426
5370042.00,-79.89175866845217,43.25357020580621
5370043.00,-79.91819925097965,43.25412040968262
5370044.00,-79.94043413578328,43.251347612626184
5370045.00,-79.91231815968472,43.26151159914466
5370046.00,-79.89751346693755,43.26537409569063
5370047.00,-79.88340968762967,43.26417576883807
5370048.00,-79.87552189242652,43.25996842400709
5370049.00,-79.86091751594677,43.25675315833714
5370050.00,-79.85324107981677,43.254243132264065
5370051.00,-79.84381748069471,43.25183540660175
5370052.00,-79.83420097049427,43.24891313853031
5370053.00,-79.82397393862875,43.24637844666915
5370054.00,-79.81380478641908,43.24403421714286
5370055.00,-79.80398419835082,43.2421406972553
5370056.00,-79.79432755228676,43.241577165948435
5370057.00,-79.80154729168291,43.2477612508643
5370058.00,-79.8116291801132,43.24869979652935
5370059.00,-79.82141932251994,43.251523158857886
5370060.00,-79.83259376115979,43.25448827513408
5370061.00,-79.84075280834048,43.256614747382386
5370062.00,-79.85058110359644,43.25957749282802
5370063.00,-79.86231783274688,43.26196258458565
5370064.00,-79.86994511479053,43.26422971120953
5370065.00,-79.87848614582921,43.26524378978146
5370066.00,-79.85960924036645,43.26999717289861
5370067.00,-79.84504613176378,43.265447572055976
5370068.00,-79.82242004455487,43.258875688951726
5370069.00,-79.80762857194136,43.25483821416691
5370070.00,-79.77758959203719,43.252068330981245
5370071.00,-79.78429256255838,43.23911610778241
5370072.01,-79.7447203992536,43.24528843822985
5370072.02,-79.77130831142402,43.23407366425315
5370072.03,-79.75837238715837,43.231923168736195
5370072.04,-79.74680957101573,43.229792640622776
5370073.00,-79.78272970700945,43.276369290879565
5370080.01,-79.71641501669882,43.18364176156278
5370080.03,-79.7899032781463,43.201319425059566
5370080.05,-79.7859855440147,43.18039595084008
5370080.06,-79.79680071685745,43.19110629536293
5370080.07,-79.78026398011193,43.189030197555056
5370081.00,-79.7565627160236,43.21503820476311
5370082.00,-79.76208857926646,43.22289489182999
5370083.00,-79.75322476345667,43.22064371841106
5370084.01,-79.7367708306407,43.22697501058244
5370084.02,-79.74080140519455,43.21838127941848
5370084.03,-79.72961210026291,43.21542255078684
5370084.04,-79.726982945444675,43.241332572561845
5370084.05,-79.72718474305002,43.223999300242816
5370085.01,-79.71509342707243,43.21214802168448
5370085.02,-79.71182702291615,43.220550604600525
5370085.03,-79.68840030236771,43.22850547054544
5370086.00,-79.64676683231217,43.21799889672826
5370100.01,-79.80772475211111,43.151293480438525
5370100.02,-79.79970687942385,43.11662994801039
5370101.01,-79.92031735636702,43.179478661075905
5370101.02,-79.879401530666,43.16369987980733
5370120.02,-80.02162528737254,43.17945937512558
5370120.03,-79.95446004855478,43.21626915282158
5370120.04,-79.94021422426822,43.21890527370031
5370121.00,-80.08763717939807,43.22065681242366
5370122.01,-79.9960460277109,43.20536068405891
5370122.02,-80.00155925019898,43.21804192973429
5370123.00,-79.96932622682728,43.217570098017816
5370124.00,-79.95410497010187,43.236335142410574
5370130.02,-79.96286093949857,43.252803595700144
5370130.03,-79.97152944651943,43.25765095333461
5370131.00,-79.93426148798098,43.275764932514775
5370132.00,-79.95107877615318,43.268393694078505
5370133.01,-79.98682754831204,43.26056617908792
5370133.02,-79.96568885013178,43.26674434135339
5370140.02,-79.88925774754642,43.34157725251138
5370140.03,-79.91236669440123,43.33072584043482
5370140.04,-79.90544907476858,43.3225624993236
5370141.00,-79.98450332443012,43.281381521618414
5370142.01,-80.1420462890346,43.265845988002326
5370142.02,-80.11110965899552,43.34578082876253
5370143.00,-80.02235923059476,43.36120855654358
5370144.01,-79.99312255155752,43.40392086134369
5370144.02,-79.93806094439881,43.36305560218753
5370200.00,-79.86080102029793,43.32762262095675
5370201.00,-79.8545283516362,43.309371674869055
5370202.00,-79.856665818347,43.30034124170173
5370203.00,-79.83444885261903,43.31410067929519
5370204.00,-79.82407385849065,43.319880690325796
5370205.01,-79.81365457939384,43.326586186027036
5370205.02,-79.80623652979018,43.320910246052755
5370206.00,-79.80517932385722,43.327524507961755
5370207.01,-79.8393512057782,43.34725019093625
5370207.02,-79.84255595653391,43.369042329786026
5370207.03,-79.83484708728672,43.363353814316106
5370207.04,-79.83630423405985,43.35474310151034
5370208.00,-79.82565984594265,43.35098310367856
5370209.00,-79.82127284067295,43.35722825949747
5370210.00,-79.81405306658776,43.35522120967085
5370211.00,-79.8049933836217,43.34214599447818
5370212.00,-79.8039471135492,43.334683264593586
5370213.00,-79.794459028008,43.32879285313012
5370214.00,-79.79406400598155,43.33918473677362
5370215.00,-79.78568479873498,43.33369084941856
5370216.00,-79.77183766880094,43.34298891160938
5370217.01,-79.78722127194452,43.34506994553782
5370217.02,-79.77909576872807,43.35284354519174
5370218.00,-79.76702315140537,43.363361084371796
5370219.00,-79.75679882257033,43.356725175498
5370220.00,-79.73500490671384,43.36862788289377
5370221.00,-79.74290500758158,43.37303019854567
5370222.01,-79.76010068183065,43.3869773847131
5370222.02,-79.7541057029911,43.37686072128502
5370222.03,-79.74573817836502,43.381713526277
5370223.01,-79.81324550515815,43.363781548594616
5370223.02,-79.80581986030286,43.37117005170678
5370223.05,-79.8296123518325,43.38065990846611
5370223.06,-79.82464942442084,43.37331968921042
5370223.07,-79.8144024168877,43.37867204522014
5370223.09,-79.78869983042891,43.40592463442191
5370223.10,-79.79633692063285,43.40212266685767
5370223.12,-79.79035705686364,43.38652979714223
5370223.13,-79.80365100485048,43.39155412413862
5370223.14,-79.80988977718545,43.39385552170412
5370223.15,-79.81586887522108,43.389033483601864
5370223.16,-79.82310739830476,43.387485258131775
5370224.01,-79.82059099762142,43.403429412958936
5370224.02,-79.89562221140028,43.41097680017188
5370300.00,-79.58001233582144,43.1710581590147
5370301.00,-79.59711735344594,43.20167003940914
5370302.00,-79.56367707476069,43.19831906045561
5370303.01,-79.53229630516417,43.19500998682756
5370303.02,-79.53526247048596,43.18615272011504
