id,lon,lat,elev
14509224.0,-80.2694906,43.4231919,305.0
5116061676.0,-80.2712241,43.4229178,305.0
416201623.0,-80.2754247,43.4222535,305.0
4284059781.0,-80.2785449,43.4216553,312.0
1368318071.0,-80.2791908,43.4215315,315.0
1368318066.0,-80.2797885,43.4213121,316.0
1368318053.0,-80.2802897,43.4209714,315.0
1368318040.0,-80.280705,43.4205893,315.0
2512810332.0,-80.2808827,43.4203045,315.0
1243481295.0,-80.2810258,43.4199968,315.0
1368318012.0,-80.2811316,43.4194544,319.0
1368317994.0,-80.2810866,43.418941,320.0
1368317982.0,-80.2807974,43.4178534,320.0
1368317978.0,-80.2805275,43.4170645,317.0
1368317977.0,-80.2804697,43.4167378,316.0
1368317976.0,-80.2805147,43.4165884,316.0
1368317975.0,-80.2806111,43.4164717,316.0
1368317969.0,-80.280746,43.4163643,316.0
1368317967.0,-80.2809517,43.416299,317.0
14509209.0,-80.2812514,43.4162065,317.0
3383714828.0,-80.2998081,43.4252735,320.0
14956873.0,-80.2997782,43.4251868,320.0
14930728.0,-80.295732,43.4513844,296.0
14956919.0,-80.2948648,43.4493271,295.0
14956788.0,-80.2939151,43.447157,307.0
24557922.0,-80.2921786,43.4432095,317.0
24557930.0,-80.2912857,43.4409622,314.0
20939742.0,-80.2904301,43.4388404,312.0
4711970786.0,-80.2814392,43.4161987,317.0
14956924.0,-80.2837942,43.4157817,315.0
3458484622.0,-80.285094,43.4155645,315.0
14956927.0,-80.2945993,43.4138754,315.0
4972157697.0,-80.2945681,43.4137737,315.0
14965560.0,-80.2935359,43.4104103,320.0
14965586.0,-80.2993032,43.3966127,315.0
2584563250.0,-80.2991189,43.3966679,315.0
2584563286.0,-80.2989687,43.3967429,315.0
2584563284.0,-80.2974087,43.3976542,313.0
14965587.0,-80.2972709,43.3978152,315.0
2584563259.0,-80.297107,43.3982192,315.0
14965588.0,-80.2970831,43.3983833,315.0
2584563261.0,-80.2971164,43.3985205,315.0
4497692046.0,-80.2973835,43.399361,314.0
14965579.0,-80.2974219,43.3994817,314.0
4972151175.0,-80.2989033,43.4017641,319.0
14965589.0,-80.2987211,43.4017964,319.0
14965596.0,-80.2996983,43.4047739,317.0
14965597.0,-80.298661,43.4049962,316.0
4656636068.0,-80.2984831,43.4051271,316.0
4972151176.0,-80.2996617,43.4046625,318.0
1530512960.0,-80.2985602,43.4014965,316.0
1530512930.0,-80.2979379,43.4009229,314.0
14965598.0,-80.2978049,43.4007122,314.0
4497692047.0,-80.2974655,43.3996218,314.0
679524401.0,-80.2890204,43.4197587,315.0
679524392.0,-80.2895186,43.4200885,315.0
679524391.0,-80.2898009,43.4202815,315.0
4972123210.0,-80.2899512,43.4203849,315.0
14965599.0,-80.2900487,43.4204518,315.0
679524469.0,-80.2866978,43.4296313,308.0
4488908150.0,-80.2872864,43.4294152,309.0
4488908149.0,-80.2875278,43.4293393,310.0
14965621.0,-80.287817,43.4292658,310.0
24557965.0,-80.2886111,43.4291508,310.0
14657114.0,-80.28528,43.426213,315.0
1368318101.0,-80.2850271,43.425499,315.0
4216597696.0,-80.2849172,43.4252107,315.0
3458484661.0,-80.2848325,43.4250893,315.0
1368318060.0,-80.283308,43.421159,315.0
1368318034.0,-80.2830511,43.4204416,315.0
1368318038.0,-80.2828706,43.4204789,315.0
1368318064.0,-80.2831555,43.421245,315.0
20380873.0,-79.6247373,43.7530998,175.0
391899963.0,-79.619833,43.7541681,174.0
430595566.0,-79.6149259,43.7552703,174.0
1360124654.0,-79.4051454,43.6973458,155.0
1360124656.0,-79.4052586,43.6974201,155.0
1360124657.0,-79.4054471,43.697481,155.0
1557883011.0,-79.4055811,43.6974813,155.0
20380923.0,-79.4027266,43.6965566,155.0
832197924.0,-79.4026766,43.696398,155.0
35363918.0,-79.4024344,43.6957614,157.0
1557894814.0,-79.4023936,43.6955579,157.0
537038053.0,-79.4023832,43.6955062,158.0
98499903.0,-79.4012311,43.6920881,160.0
3637355901.0,-79.4011502,43.6918138,160.0
540367584.0,-79.4059998,43.7403448,134.0
540367583.0,-79.40585,43.7403662,132.0
540382276.0,-79.4057593,43.7403868,132.0
20641936.0,-79.4050277,43.7405276,124.0
538135974.0,-79.4049394,43.7405492,124.0
516696976.0,-79.404764,43.7405779,122.0
20641943.0,-79.4032616,43.7407346,129.0
20641944.0,-79.4030296,43.740781,129.0
20641946.0,-79.4026514,43.7408924,126.0
20641947.0,-79.402084,43.7410563,124.0
20641949.0,-79.4013903,43.7412407,123.0
20641950.0,-79.4007448,43.7413811,126.0
20641952.0,-79.4000752,43.7415535,126.0
20641953.0,-79.3999589,43.7415415,126.0
20641969.0,-79.4006445,43.740531,120.0
20641971.0,-79.4005082,43.7404348,120.0
20641972.0,-79.4002556,43.7402985,120.0
20641974.0,-79.3999709,43.7401782,120.0
20641968.0,-79.3996942,43.740094,120.0
20641955.0,-79.3998747,43.7414853,127.0
20641956.0,-79.3997744,43.7412608,125.0
20641958.0,-79.3996782,43.7410322,125.0
20641959.0,-79.3995539,43.7406954,123.0
20641961.0,-79.3995258,43.7405551,123.0
20641963.0,-79.3995339,43.7404629,122.0
20641964.0,-79.3995619,43.7403907,122.0
20641965.0,-79.3996261,43.7402624,121.0
20641967.0,-79.3996702,43.7401501,121.0
20641975.0,-79.3996561,43.7400498,120.0
20641977.0,-79.3996072,43.7399731,120.0
20641978.0,-79.3995724,43.7399089,120.0
20641995.0,-79.4015119,43.7384567,126.0
20641993.0,-79.4012946,43.7384871,125.0
20641992.0,-79.4011533,43.7385023,125.0
20641996.0,-79.4009816,43.7384784,125.0
20641997.0,-79.4006186,43.7384741,127.0
20641999.0,-79.4002991,43.7384676,130.0
20642001.0,-79.3999122,43.7384719,130.0
20642002.0,-79.3995275,43.7384806,130.0
20642004.0,-79.3991384,43.7385045,127.0
20642005.0,-79.3987515,43.7385545,123.0
20642007.0,-79.3983537,43.7385784,122.0
20642008.0,-79.3980016,43.7385784,122.0
20642010.0,-79.397719,43.7385675,123.0
20642011.0,-79.3974365,43.7386132,124.0
20642012.0,-79.3971865,43.7386501,124.0
20642014.0,-79.3969692,43.7386806,124.0
20642016.0,-79.3967888,43.7386871,124.0
20642017.0,-79.3965192,43.7386719,125.0
20642019.0,-79.3962258,43.7386523,125.0
20642020.0,-79.3958411,43.7386588,126.0
20642022.0,-79.3955085,43.7386849,126.0
20642023.0,-79.395176,43.7387349,126.0
20642025.0,-79.3948325,43.7388827,125.0
20642026.0,-79.3946782,43.7389783,124.0
20642027.0,-79.3945826,43.7392087,123.0
20642029.0,-79.3945065,43.7393848,122.0
20642031.0,-79.3945087,43.7394652,122.0
20642063.0,-79.3969554,43.739185,122.0
20642062.0,-79.3969113,43.7394011,121.0
20642060.0,-79.3968054,43.7396127,120.0
20642059.0,-79.3966996,43.7397494,120.0
20642057.0,-79.3965541,43.7398685,120.0
20642056.0,-79.3963203,43.7399347,120.0
20642054.0,-79.3959984,43.7399391,120.0
20642053.0,-79.3956412,43.7398861,121.0
20642051.0,-79.3952311,43.7397627,121.0
20642050.0,-79.3948783,43.739648,122.0
20642032.0,-79.3945652,43.7395348,121.0
20642034.0,-79.3945304,43.7390088,124.0
20642035.0,-79.3941805,43.7391109,123.0
20642037.0,-79.3938501,43.7391761,122.0
20642038.0,-79.3935697,43.7392044,122.0
20642040.0,-79.3932784,43.7391935,122.0
20642041.0,-79.3930241,43.7391979,122.0
20642042.0,-79.3927111,43.7392326,122.0
20642043.0,-79.3923134,43.7392892,121.0
20642045.0,-79.3919504,43.7393609,120.0
20642047.0,-79.39162,43.7394261,120.0
20642048.0,-79.3913309,43.7395022,119.0
20642065.0,-79.3977437,43.7377286,129.0
20641990.0,-79.4010076,43.7385849,125.0
20641989.0,-79.4008918,43.7386582,125.0
20641987.0,-79.4007418,43.7387932,125.0
20641986.0,-79.4005819,43.7390181,123.0
20641984.0,-79.400412,43.739193,120.0
516696978.0,-79.4003516,43.739252,120.0
20642194.0,-79.3942539,43.7419835,130.0
20642196.0,-79.3942204,43.7418864,128.0
20642173.0,-79.3941825,43.7413967,126.0
20642174.0,-79.3941298,43.7409055,123.0
20642176.0,-79.3941052,43.7407568,123.0
20642177.0,-79.3940473,43.7406097,122.0
20642178.0,-79.3939447,43.7404938,122.0
20642180.0,-79.3938467,43.7404135,121.0
20642181.0,-79.3937308,43.7404001,121.0
20642183.0,-79.3935391,43.7404626,121.0
20642184.0,-79.3931869,43.740574,121.0
20642186.0,-79.3928214,43.7406319,120.0
20642187.0,-79.3924559,43.7406319,120.0
20642189.0,-79.391912,43.7405651,121.0
20642190.0,-79.3913504,43.7404982,122.0
20642192.0,-79.3907575,43.7404135,123.0
20642193.0,-79.3905212,43.7403823,124.0
20642156.0,-79.3903544,43.7403496,124.0
20642155.0,-79.3900756,43.7401212,125.0
20642153.0,-79.3897733,43.7398692,124.0
20642152.0,-79.3894307,43.7395501,125.0
20642150.0,-79.3893769,43.7394594,124.0
20642171.0,-79.3937244,43.7414832,124.0
20642170.0,-79.3930485,43.7416209,123.0
20642168.0,-79.3923773,43.7417441,123.0
20642167.0,-79.3921276,43.7417506,123.0
20642165.0,-79.3919165,43.7417196,123.0
20642164.0,-79.391223,43.7413803,124.0
20642162.0,-79.3906589,43.7410808,127.0
20642161.0,-79.3905544,43.7409415,127.0
20642159.0,-79.3904847,43.7407674,127.0
20642158.0,-79.3904429,43.7404887,124.0
20642071.0,-79.3999189,43.7379997,130.0
20642069.0,-79.399902,43.7378899,130.0
20642068.0,-79.3998218,43.7378519,130.0
20642066.0,-79.3991603,43.7378356,128.0
20642123.0,-79.4030374,43.7404004,123.0
516696980.0,-79.4028659,43.7401484,121.0
20642118.0,-79.4022594,43.7393368,124.0
20642119.0,-79.4016169,43.7395938,122.0
20641912.0,-79.4049384,43.7360559,160.0
540382272.0,-79.4048457,43.7361225,160.0
20642112.0,-79.404816,43.7361405,160.0
956538588.0,-79.4047393,43.7361698,160.0
956538566.0,-79.4044133,43.7363091,160.0
20642110.0,-79.4039744,43.7365084,160.0
956538612.0,-79.4035435,43.7366661,160.0
20642109.0,-79.4033893,43.7367669,160.0
20642107.0,-79.4031824,43.7369105,154.0
20642106.0,-79.4031022,43.7370118,151.0
20642104.0,-79.4030177,43.7372187,148.0
20642103.0,-79.4029164,43.7375353,145.0
20642101.0,-79.4028067,43.7378688,140.0
20642100.0,-79.4026715,43.7381433,137.0
20642086.0,-79.402566,43.738291,133.0
20641911.0,-79.4051224,43.7370065,152.0
540382275.0,-79.4050224,43.7370541,150.0
20642113.0,-79.4049429,43.737092,150.0
20642115.0,-79.4045756,43.7373495,148.0
956538636.0,-79.404504,43.7374303,144.0
20642098.0,-79.4044279,43.7375142,144.0
20642097.0,-79.404335,43.7377464,140.0
20642095.0,-79.4041661,43.7381348,139.0
20642093.0,-79.404069,43.7382193,139.0
20642092.0,-79.4039128,43.7382784,140.0
20642091.0,-79.4035666,43.7383037,137.0
20642089.0,-79.4031022,43.7383417,135.0
20642088.0,-79.4026969,43.7383586,134.0
20642124.0,-79.4034372,43.7410785,133.0
20642126.0,-79.4034871,43.7412855,135.0
20642128.0,-79.4034586,43.741464,135.0
20641935.0,-79.4033279,43.7415905,138.0
20641914.0,-79.4041509,43.743868,132.0
844349894.0,-79.4040385,43.7438345,131.0
20641923.0,-79.4039659,43.7438188,131.0
20641925.0,-79.4038421,43.743769,132.0
1481788833.0,-79.403794,43.7436835,132.0
20641926.0,-79.4037741,43.743648,132.0
1481788819.0,-79.4037141,43.7435035,130.0
20641928.0,-79.4036514,43.7433522,130.0
20641907.0,-79.4066084,43.743316,130.0
4539908822.0,-79.406434,43.7433565,130.0
524128820.0,-79.4063646,43.7433684,130.0
869743764.0,-79.4062825,43.7433851,130.0
370980915.0,-79.4056787,43.743508,130.0
20641922.0,-79.4055367,43.7435335,130.0
869743757.0,-79.4051513,43.7435335,130.0
20641920.0,-79.4050388,43.7435335,130.0
20641919.0,-79.4043608,43.7436947,131.0
20641917.0,-79.4042149,43.7437567,131.0
552589177.0,-79.4040949,43.7441518,134.0
20641913.0,-79.4040625,43.744255,134.0
252680820.0,-79.403766,43.7311451,165.0
261656910.0,-79.4039896,43.7318953,166.0
252678652.0,-79.4040168,43.7320159,166.0
261656648.0,-79.4042223,43.7329211,167.0
278070694.0,-79.4042381,43.7329881,167.0
252680819.0,-79.404262,43.7330606,167.0
55543991.0,-79.4044095,43.7336906,168.0
3463461.0,-79.380579,43.7302423,114.0
560681498.0,-79.3786553,43.7306393,116.0
3463466.0,-79.3784549,43.7306864,116.0
1755289579.0,-79.3779149,43.7308005,117.0
1545614042.0,-79.3775854,43.7308701,117.0
3463469.0,-79.3766672,43.7310515,120.0
3463473.0,-79.3756677,43.7312474,123.0
3463475.0,-79.3721738,43.7319631,154.0
3463476.0,-79.3710775,43.7321573,153.0
3463477.0,-79.3696956,43.7324674,150.0
3463478.0,-79.3685283,43.7327217,149.0
3463480.0,-79.367312,43.7329874,148.0
3463481.0,-79.3661103,43.7332478,147.0
3463482.0,-79.3649774,43.7334907,144.0
1390302906.0,-79.3819811,43.7363919,154.0
20650050.0,-79.3818445,43.73641,153.0
20650071.0,-79.3720615,43.7383003,157.0
20650072.0,-79.3721831,43.7386927,155.0
1390296024.0,-79.3721969,43.7388253,156.0
20650074.0,-79.3721622,43.7389171,154.0
20650075.0,-79.3721074,43.739025,154.0
20650079.0,-79.3724302,43.738056,159.0
20650078.0,-79.3724364,43.7381004,159.0
1390296019.0,-79.3725113,43.7381512,159.0
20650069.0,-79.3726012,43.7381938,159.0
1470510767.0,-79.3649492,43.7334663,144.0
20650096.0,-79.3647767,43.7333174,143.0
20650098.0,-79.3641308,43.7329291,141.0
20650099.0,-79.3631813,43.732382,140.0
389404134.0,-79.3625459,43.7320303,141.0
20650100.0,-79.3623024,43.7318666,141.0
20650102.0,-79.3620482,43.7316866,141.0
20650103.0,-79.3613578,43.7308124,139.0
20650056.0,-79.3784726,43.7370981,157.0
1390298922.0,-79.3783771,43.7370258,158.0
20650115.0,-79.3772299,43.7360611,157.0
20650116.0,-79.3759745,43.7350289,156.0
20650117.0,-79.3746912,43.7339781,155.0
1755295553.0,-79.374173,43.7335759,155.0
20650118.0,-79.3734452,43.7330109,153.0
1755295516.0,-79.3729067,43.7325649,153.0
3711552299.0,-79.3716518,43.7313929,154.0
20650119.0,-79.3711761,43.7308143,154.0
20650120.0,-79.3705252,43.730089,153.0
20650121.0,-79.3700323,43.7297263,152.0
20650122.0,-79.3694558,43.7294768,151.0
20650123.0,-79.3689276,43.7293446,150.0
20650124.0,-79.3683492,43.7292944,150.0
20650125.0,-79.3677562,43.7293084,147.0
20650126.0,-79.3671492,43.7294066,144.0
20650127.0,-79.3663151,43.7296484,144.0
20650128.0,-79.365299,43.7299402,146.0
20650138.0,-79.3682007,43.7324016,149.0
20650139.0,-79.3677154,43.7318315,149.0
20650140.0,-79.3671877,43.7311885,148.0
20650141.0,-79.366848,43.7308063,147.0
20650142.0,-79.3663324,43.7304545,146.0
20650143.0,-79.3658835,43.7302786,146.0
20650145.0,-79.3655196,43.7301755,146.0
20650144.0,-79.3653982,43.730133,146.0
20650146.0,-79.3653376,43.7300481,146.0
20650063.0,-79.3754096,43.7378522,160.0
1390298446.0,-79.3753955,43.7378048,161.0
1390293664.0,-79.3652892,43.7298982,146.0
20650147.0,-79.3651858,43.7294554,145.0
20650148.0,-79.3650769,43.7290063,144.0
20650149.0,-79.3649816,43.7285844,144.0
20650150.0,-79.3649544,43.7282305,143.0
20650151.0,-79.3649544,43.7276316,141.0
20650152.0,-79.3649136,43.7274274,140.0
20650153.0,-79.3648183,43.7272913,140.0
20650154.0,-79.3645989,43.7271072,139.0
20650155.0,-79.3644177,43.72694,139.0
20650156.0,-79.3643689,43.7268703,139.0
20650157.0,-79.3643341,43.7267448,138.0
20650158.0,-79.3642923,43.7264104,137.0
20650159.0,-79.3642087,43.7261804,137.0
20650160.0,-79.3640345,43.7258459,135.0
20650161.0,-79.3638672,43.7255811,134.0
20650163.0,-79.3654603,43.7284795,143.0
20650164.0,-79.3625268,43.7258997,139.0
20650165.0,-79.3614555,43.7261069,140.0
20650114.0,-79.3602622,43.7263708,141.0
20650113.0,-79.3603081,43.727238,141.0
1390292808.0,-79.3602171,43.7272551,141.0
20650182.0,-79.3597981,43.7273367,141.0
20650181.0,-79.3592241,43.727461,140.0
20650180.0,-79.358715,43.7275616,140.0
20650178.0,-79.3582002,43.7276682,137.0
20650177.0,-79.3576012,43.727789,136.0
20650175.0,-79.3570654,43.7279082,133.0
20650174.0,-79.3561949,43.7280944,131.0
20650173.0,-79.355562,43.7282261,132.0
20650172.0,-79.3554211,43.7282132,132.0
20650171.0,-79.3553,43.728118,131.0
20650170.0,-79.3552822,43.727899,132.0
20650168.0,-79.3552585,43.7274078,133.0
20650169.0,-79.3552301,43.7269886,135.0
20650179.0,-79.3582061,43.7281121,135.0
1390290945.0,-79.358201,43.7277321,137.0
20650176.0,-79.3571585,43.7282305,132.0
1390291151.0,-79.3570802,43.7279593,133.0
20650109.0,-79.3604222,43.7292166,140.0
4367046766.0,-79.3603025,43.729243,140.0
20650186.0,-79.3593495,43.7294535,140.0
20650198.0,-79.3583121,43.7288297,135.0
20650197.0,-79.3582982,43.7291285,135.0
20650196.0,-79.3582565,43.7292189,135.0
20650190.0,-79.3581175,43.7293857,133.0
1390291937.0,-79.3593475,43.7294132,140.0
20650199.0,-79.3592989,43.7284475,139.0
1390290824.0,-79.3592284,43.7275181,140.0
20650183.0,-79.3637952,43.7284892,143.0
20650184.0,-79.3626347,43.7287116,141.0
20650185.0,-79.3614393,43.7289617,140.0
4367046765.0,-79.3604903,43.7291995,140.0
20650200.0,-79.3636771,43.727544,141.0
20650201.0,-79.3626485,43.7277595,142.0
20650202.0,-79.3615297,43.7280027,141.0
20650112.0,-79.3603822,43.7282416,140.0
20650203.0,-79.3634894,43.7265503,139.0
20650204.0,-79.3622802,43.7268144,141.0
20650205.0,-79.3621829,43.7268908,141.0
20650206.0,-79.3621968,43.7270506,141.0
20650207.0,-79.3615853,43.7271757,141.0
20650208.0,-79.3613004,43.7271132,141.0
1478662802.0,-79.3576388,43.7534783,140.0
2386978635.0,-79.3576615,43.7534812,140.0
1478662807.0,-79.3578261,43.7535014,140.0
1478662801.0,-79.3583176,43.7533919,139.0
421302115.0,-79.3481499,43.7555611,131.0
2252597392.0,-79.347999,43.755533,131.0
1604293601.0,-79.3472425,43.7557054,132.0
259750212.0,-79.3471293,43.7557279,132.0
1498129.0,-79.3394461,43.757479,151.0
265864503.0,-79.3379526,43.7577641,158.0
2025468641.0,-79.3377532,43.7578073,158.0
1381262372.0,-79.3375177,43.7578587,159.0
2025468733.0,-79.3372462,43.7579146,158.0
1498011.0,-79.346728,43.7663203,159.0
1498015.0,-79.3466078,43.7676901,160.0
1497997.0,-79.3470713,43.7602455,128.0
2878403973.0,-79.3470904,43.7609393,134.0
2252596179.0,-79.34702,43.7535711,132.0
2252596181.0,-79.3469191,43.7536499,131.0
2252599354.0,-79.3469236,43.7540006,130.0
425666286.0,-79.3347701,43.7755103,174.0
2842117533.0,-79.33486,43.7755798,174.0
2842117534.0,-79.3349841,43.7755993,174.0
2842117535.0,-79.3351029,43.7756179,174.0
429378395.0,-79.3351996,43.7756258,175.0
1550799608.0,-79.3359325,43.7757033,176.0
4398331563.0,-79.3392779,43.7760763,180.0
3086358041.0,-79.3395212,43.7760998,180.0
259750255.0,-79.340222,43.7761688,180.0
20939155.0,-80.2956949,43.3874964,315.0
1014892088.0,-80.2953586,43.3876186,315.0
20939156.0,-80.2951725,43.3877296,313.0
20939157.0,-80.2950116,43.3878098,312.0
20939158.0,-80.2946255,43.3878783,313.0
20939159.0,-80.2940706,43.3879636,315.0
20939160.0,-80.2939588,43.3879907,315.0
20939161.0,-80.2939102,43.3880339,317.0
20939162.0,-80.2939133,43.3881177,317.0
20939163.0,-80.2940489,43.3884956,317.0
20939164.0,-80.2941709,43.3887687,317.0
20939165.0,-80.2942483,43.3888921,317.0
20939166.0,-80.294394,43.3890031,317.0
1014902233.0,-80.2944514,43.389057,317.0
1014902247.0,-80.2944954,43.3891318,316.0
20939167.0,-80.2944987,43.3892237,316.0
20939168.0,-80.2946068,43.3893603,316.0
20939169.0,-80.2946733,43.3894535,316.0
1014629429.0,-80.2947942,43.3897727,316.0
1773292814.0,-80.2925729,43.3873798,308.0
20939171.0,-80.2926141,43.387486,311.0
20939172.0,-80.2927785,43.3879004,315.0
20939173.0,-80.2927843,43.3879391,315.0
20939174.0,-80.2926201,43.3880183,315.0
20939175.0,-80.2924146,43.3881198,315.0
20939176.0,-80.292249,43.3882033,314.0
20939177.0,-80.2919744,43.3882402,314.0
20939188.0,-80.2927698,43.3890925,317.0
20939187.0,-80.2925643,43.3890427,316.0
20939186.0,-80.2923334,43.3889672,316.0
20939185.0,-80.292403,43.3888264,316.0
20939184.0,-80.2924093,43.3886729,316.0
20939183.0,-80.292353,43.3885625,316.0
20939182.0,-80.2922915,43.3884818,316.0
20939181.0,-80.2921978,43.3883946,315.0
20939178.0,-80.2915803,43.3882704,313.0
20939179.0,-80.2915153,43.388255,312.0
20939180.0,-80.2914885,43.388224,310.0
416236049.0,-80.2913955,43.3880598,310.0
20939194.0,-80.293988,43.3888592,317.0
20939193.0,-80.2937875,43.3888453,317.0
20939192.0,-80.2935295,43.3889057,317.0
20939191.0,-80.2932431,43.3889182,317.0
20939190.0,-80.2930687,43.3889493,317.0
20939189.0,-80.292913,43.3890178,317.0
20939198.0,-80.2943205,43.389059,317.0
20939197.0,-80.2942742,43.389043,317.0
1014902214.0,-80.2941837,43.3889793,317.0
20939196.0,-80.2940942,43.3889504,317.0
1014902264.0,-80.2940727,43.3888925,317.0
20939195.0,-80.2940647,43.3888094,317.0
20939199.0,-80.2943772,43.3893373,317.0
20939200.0,-80.2940627,43.3893671,317.0
20939201.0,-80.2938136,43.389414,317.0
20939202.0,-80.2936159,43.3894329,317.0
1014892119.0,-80.2934958,43.389486,317.0
20939203.0,-80.293377,43.3895139,317.0
20939204.0,-80.2932611,43.3895115,317.0
20939205.0,-80.294337,43.3891626,317.0
20939206.0,-80.2942768,43.3891633,317.0
20939207.0,-80.2940917,43.389251,317.0
20939208.0,-80.2940489,43.3879031,315.0
20939209.0,-80.2937659,43.3879166,316.0
20939210.0,-80.2934425,43.3879503,316.0
20939211.0,-80.2931258,43.3879773,316.0
20939796.0,-80.2996416,43.4214545,315.0
20939797.0,-80.2982503,43.4212803,323.0
20939798.0,-80.2978729,43.4212571,325.0
20939799.0,-80.2973147,43.4212822,325.0
20939800.0,-80.296413,43.4214188,323.0
25131150.0,-80.2953091,43.4216153,320.0
20939801.0,-80.294155,43.4218299,318.0
20939802.0,-80.2934214,43.4219624,317.0
3383714817.0,-80.2924389,43.422176,316.0
14965602.0,-80.2923094,43.4222042,316.0
20953413.0,-79.3750577,43.6735695,110.0
3637387723.0,-79.3750016,43.6735833,110.0
3637387726.0,-79.374874,43.6736207,108.0
3637387729.0,-79.3747267,43.6736638,111.0
3637387734.0,-79.3744045,43.6737582,110.0
3637387736.0,-79.3741696,43.673827,109.0
20953414.0,-79.3741122,43.6738438,109.0
20953415.0,-79.3730842,43.6741616,109.0
2467917986.0,-79.3722779,43.6743853,112.0
20953416.0,-79.3721411,43.6744233,111.0
20953417.0,-79.3713645,43.6745847,111.0
20953418.0,-79.3711869,43.6746196,111.0
20953419.0,-79.3700747,43.6748719,112.0
2284446776.0,-79.3688865,43.6751209,112.0
20953420.0,-79.3687684,43.6751457,110.0
20953446.0,-79.3722521,43.6767132,112.0
1457418404.0,-79.3722583,43.6767987,112.0
20953445.0,-79.3721632,43.6768559,112.0
20953444.0,-79.3716171,43.6769871,113.0
20953436.0,-79.3711308,43.6770872,110.0
20953435.0,-79.3710233,43.6770872,110.0
20953434.0,-79.3709571,43.6770376,110.0
20953433.0,-79.3708427,43.6767853,107.0
20953437.0,-79.3704048,43.6771474,102.0
1457418399.0,-79.3706839,43.6767516,105.0
20953432.0,-79.3702377,43.6766241,106.0
20953431.0,-79.370122,43.6765828,106.0
1457418356.0,-79.3699819,43.6764427,109.0
20953430.0,-79.3699152,43.6763761,109.0
20953429.0,-79.3697829,43.6762934,111.0
20953428.0,-79.3695679,43.676252,111.0
1457418346.0,-79.3694611,43.6762634,111.0
20953427.0,-79.3693364,43.6762768,111.0
20953426.0,-79.3692372,43.6762686,112.0
20953424.0,-79.3691586,43.6762044,112.0
20953423.0,-79.3689487,43.6757522,113.0
20953425.0,-79.368817,43.675341,111.0
20953439.0,-79.3680235,43.6754665,104.0
20953440.0,-79.3678525,43.6754458,104.0
20953441.0,-79.3677984,43.6754004,105.0
20953442.0,-79.3678067,43.6753094,108.0
20953443.0,-79.3678811,43.6751771,107.0
2057182711.0,-79.3686886,43.6748239,110.0
2057182542.0,-79.3686474,43.6746804,110.0
2057182603.0,-79.368606,43.6745847,110.0
20953422.0,-79.3685533,43.6745014,110.0
20953421.0,-79.3681456,43.6738108,109.0
579086631.0,-79.3682441,43.6738951,109.0
295331570.0,-79.3683279,43.6740199,109.0
2057182580.0,-79.3684099,43.6741567,109.0
2284449207.0,-79.3684571,43.6742607,109.0
2284446772.0,-79.3684866,43.6743748,110.0
244248807.0,-79.3685084,43.6744281,110.0
20953447.0,-79.3718171,43.6757531,112.0
20953452.0,-79.3751731,43.6760347,110.0
20953451.0,-79.3757106,43.6758698,108.0
20953450.0,-79.3762173,43.6756845,105.0
20953449.0,-79.3769837,43.6753799,103.0
773012577.0,-79.3777313,43.6750595,105.0
20953448.0,-79.377826,43.6750189,105.0
20953453.0,-79.3744975,43.6761874,113.0
20953454.0,-79.3739942,43.6763067,113.0
773012586.0,-79.3777082,43.6749978,105.0
295319908.0,-79.3776315,43.674984,105.0
20953469.0,-79.3762585,43.6749189,107.0
20953468.0,-79.3756062,43.6749002,110.0
20953467.0,-79.3752123,43.6749643,111.0
20953466.0,-79.3748007,43.67504,112.0
20953465.0,-79.3742381,43.6751399,113.0
20953464.0,-79.373584,43.6752431,113.0
20953472.0,-79.3733427,43.6747274,112.0
961000621.0,-79.3755676,43.6748058,110.0
961000618.0,-79.3753405,43.6742498,113.0
3637387732.0,-79.3751153,43.6737081,113.0
20953485.0,-79.3784171,43.673959,110.0
20953484.0,-79.3781489,43.6740696,111.0
20953483.0,-79.3779411,43.674201,111.0
773012570.0,-79.377665,43.6743155,110.0
20953478.0,-79.3775815,43.6743501,109.0
20953479.0,-79.3773751,43.6738364,109.0
773012585.0,-79.3772582,43.6738576,110.0
20953480.0,-79.3768859,43.6739171,108.0
20953481.0,-79.3765745,43.6739626,108.0
295274936.0,-79.3764224,43.6739233,109.0
20953482.0,-79.3762784,43.6737652,109.0
961000617.0,-79.3748338,43.6751285,112.0
20953489.0,-79.3710358,43.6742238,110.0
20953490.0,-79.370989,43.674157,110.0
20953491.0,-79.3709154,43.6741235,109.0
2467917985.0,-79.3708402,43.6741387,109.0
20953492.0,-79.3703203,43.6742439,110.0
20953493.0,-79.3697666,43.6743675,111.0
20953494.0,-79.369313,43.6744627,111.0
2057182644.0,-79.3691641,43.6744963,111.0
244248810.0,-79.3690125,43.6745256,111.0
2057182663.0,-79.3688789,43.6745104,111.0
2284446773.0,-79.368822,43.6744886,110.0
2057182586.0,-79.3687789,43.6744721,110.0
20953646.0,-79.3751447,43.6776188,111.0
20953645.0,-79.3752444,43.6773817,111.0
20953644.0,-79.3752787,43.6771524,111.0
20953643.0,-79.3752541,43.6769954,111.0
20953642.0,-79.3751336,43.6766373,111.0
20953641.0,-79.3750941,43.6765051,111.0
295324815.0,-79.3751214,43.676271,110.0
20953657.0,-79.377652,43.677352,102.0
4151434212.0,-79.3775974,43.6773675,101.0
20953475.0,-79.3772209,43.6774489,102.0
20953658.0,-79.3766254,43.677586,103.0
20953659.0,-79.3759807,43.6776713,108.0
20953661.0,-79.3737607,43.6772651,111.0
1072214000.0,-79.3738879,43.677395,112.0
20953660.0,-79.3742874,43.6775033,113.0
20953667.0,-79.3739842,43.6764258,113.0
20953666.0,-79.3738832,43.6766517,113.0
20953665.0,-79.3738691,43.6767526,113.0
20953664.0,-79.3738456,43.6768599,112.0
20953663.0,-79.3738456,43.6769978,112.0
20953662.0,-79.3738227,43.6770744,112.0
773012702.0,-79.3771805,43.6773661,100.0
20953476.0,-79.3768386,43.6765306,101.0
295319904.0,-79.3767896,43.6764806,101.0
295319901.0,-79.3765729,43.6764252,102.0
20953477.0,-79.376486,43.6763613,103.0
773012709.0,-79.376243,43.6757493,105.0
20953648.0,-79.3741599,43.6801719,114.0
960995975.0,-79.3739895,43.680177,114.0
20953668.0,-79.37334,43.6802153,112.0
20953669.0,-79.3730489,43.6801924,112.0
20953670.0,-79.3726199,43.6801081,113.0
20953671.0,-79.3722752,43.6800851,111.0
20953672.0,-79.3718309,43.6801081,111.0
20953673.0,-79.3712793,43.6801541,108.0
20953674.0,-79.3709499,43.6801617,107.0
20953675.0,-79.3706434,43.6800851,111.0
20953676.0,-79.3807096,43.6744629,110.0
2510492992.0,-79.3806502,43.674474,110.0
20953677.0,-79.3802979,43.67454,110.0
773012703.0,-79.3802703,43.6745512,110.0
20953680.0,-79.3808571,43.6744915,110.0
20953681.0,-79.3809584,43.6744706,111.0
20953682.0,-79.3810071,43.6744394,111.0
20953683.0,-79.3810012,43.6743947,111.0
20953684.0,-79.3809607,43.6743531,111.0
20953685.0,-79.3808909,43.6743379,110.0
20953686.0,-79.380825,43.674352,110.0
3782265444.0,-79.3807937,43.674371,110.0
20953687.0,-79.3807693,43.6743858,110.0
20953679.0,-79.3807696,43.6744777,110.0
20953678.0,-79.3801607,43.6745724,110.0
773012715.0,-79.3800189,43.6745922,110.0
4465982414.0,-79.3797261,43.674649,110.0
4465982416.0,-79.3792164,43.6747479,107.0
773012560.0,-79.377943,43.6749949,105.0
20953772.0,-79.3708331,43.6719582,107.0
34710013.0,-79.3707605,43.6720143,103.0
25832868.0,-79.3791038,43.6718845,110.0
295319897.0,-79.3790869,43.6719991,110.0
295319894.0,-79.3791555,43.6721704,110.0
20953781.0,-79.379251,43.6722674,108.0
20953782.0,-79.3793365,43.6723174,108.0
773012620.0,-79.3794114,43.6723449,108.0
4440153457.0,-79.3794799,43.6723626,109.0
20953801.0,-79.3794741,43.6764732,104.0
20953818.0,-79.3792852,43.6764856,104.0
20953819.0,-79.3789463,43.6765152,103.0
773012575.0,-79.3785642,43.6765855,103.0
20953473.0,-79.3784765,43.6766016,103.0
20953795.0,-79.3806061,43.6762287,106.0
605013988.0,-79.3805064,43.6762368,106.0
3507940257.0,-79.3804697,43.6762398,106.0
20953805.0,-79.3803205,43.6762519,106.0
20953804.0,-79.3799994,43.6763172,105.0
20953803.0,-79.3798098,43.6763727,105.0
20953802.0,-79.3796371,43.6764421,104.0
20953796.0,-79.38033,43.6774238,110.0
20953797.0,-79.3797289,43.6770437,107.0
20953798.0,-79.3795302,43.6769,106.0
20953799.0,-79.3794841,43.6768023,106.0
20953800.0,-79.3794726,43.6765459,104.0
20953833.0,-79.3809246,43.6784285,114.0
293573419.0,-79.3805145,43.6782611,114.0
20953837.0,-79.3818853,43.6785578,114.0
20953836.0,-79.3815456,43.6785852,114.0
20953835.0,-79.3812987,43.6785643,114.0
20953834.0,-79.3810728,43.678508,115.0
20953845.0,-79.3764881,43.6789374,108.0
20953844.0,-79.3764314,43.6787926,109.0
20953846.0,-79.37623,43.6782827,110.0
20953842.0,-79.377009,43.6786627,111.0
20953828.0,-79.378345,43.6779397,109.0
20953839.0,-79.3782318,43.6782953,112.0
20953840.0,-79.3781374,43.6783708,111.0
20953841.0,-79.3779863,43.6784401,112.0
4052198529.0,-79.3771402,43.6786232,111.0
34710015.0,-79.3709234,43.6717743,107.0
2301772498.0,-79.3709352,43.6716667,109.0
34710016.0,-79.3709109,43.6715479,110.0
20953898.0,-79.374829,43.6784614,106.0
20953647.0,-79.3746112,43.6790179,90.0
20953897.0,-79.3742692,43.6798766,107.0
20953649.0,-79.3738299,43.680973,115.0
20954018.0,-79.3769469,43.6819204,120.0
20954019.0,-79.3769401,43.6819558,120.0
20954020.0,-79.3769441,43.6819907,120.0
20954021.0,-79.3769616,43.6820277,120.0
20954022.0,-79.3769833,43.682051,120.0
20954023.0,-79.3770231,43.6820722,120.0
20954024.0,-79.3770847,43.6820741,120.0
20954025.0,-79.3771303,43.6820519,120.0
20954026.0,-79.3771594,43.6820181,120.0
20954014.0,-79.3771005,43.6818507,120.0
20954102.0,-79.3771482,43.6818452,120.0
20954101.0,-79.3772552,43.6817794,119.0
20954100.0,-79.377503,43.6815068,117.0
20954099.0,-79.3780564,43.6809616,111.0
20954103.0,-79.3771903,43.6811726,116.0
20954105.0,-79.3767996,43.6818831,120.0
295330473.0,-79.3764909,43.6818615,119.0
20954106.0,-79.3761077,43.6817958,118.0
20954107.0,-79.3757778,43.6816664,117.0
20954108.0,-79.3749455,43.6813671,117.0
960993769.0,-79.3741084,43.6810714,117.0
20954109.0,-79.3813437,43.6824846,126.0
20954110.0,-79.3814059,43.6825272,125.0
20954111.0,-79.3814813,43.6825829,125.0
20954112.0,-79.3815861,43.6826156,125.0
20954113.0,-79.3817172,43.6826025,124.0
20954114.0,-79.3818646,43.6825698,123.0
20954115.0,-79.3819399,43.6825075,123.0
20954116.0,-79.381953,43.6824551,123.0
20954117.0,-79.3819235,43.6824191,123.0
20954118.0,-79.3818449,43.6823798,121.0
20954119.0,-79.3816484,43.6824125,124.0
20954120.0,-79.381419,43.6824682,125.0
960993771.0,-79.3755758,43.6817078,117.0
960993772.0,-79.373525,43.6821282,116.0
20953650.0,-79.3733382,43.6821665,115.0
960993767.0,-79.3731221,43.6822152,115.0
20954141.0,-79.3706978,43.682762,114.0
20954142.0,-79.3694523,43.683047,118.0
20954144.0,-79.3768966,43.6821079,120.0
20954145.0,-79.3765784,43.6822939,120.0
20954146.0,-79.3761769,43.68248,120.0
20954147.0,-79.3758048,43.6826122,121.0
20954148.0,-79.3750385,43.6828717,121.0
20954149.0,-79.3747521,43.6829574,121.0
20954150.0,-79.3745782,43.6830431,120.0
20954151.0,-79.3743236,43.6831777,120.0
960992879.0,-79.3738202,43.6835205,120.0
20954152.0,-79.3737265,43.6835844,120.0
20953653.0,-79.3726328,43.6842538,120.0
960992904.0,-79.3724459,43.6843926,120.0
20954154.0,-79.3720495,43.6845156,120.0
20954155.0,-79.3718412,43.6845805,120.0
20954156.0,-79.3715303,43.6846638,120.0
20954157.0,-79.370742,43.6848253,118.0
540333672.0,-79.3705921,43.6848273,118.0
20954158.0,-79.3700076,43.6848351,120.0
20954159.0,-79.3697015,43.6847984,121.0
20954160.0,-79.3694273,43.6847127,120.0
20954161.0,-79.3691727,43.6845854,120.0
20954162.0,-79.3690405,43.684414,120.0
20954163.0,-79.3689377,43.6842574,120.0
20953652.0,-79.3729555,43.6833257,119.0
20954169.0,-79.3727133,43.6833668,119.0
20954170.0,-79.3724214,43.6834894,119.0
20954171.0,-79.3719772,43.683656,120.0
20954172.0,-79.3705401,43.68389,120.0
20954173.0,-79.3701399,43.6839278,119.0
20954174.0,-79.369294,43.6841317,120.0
20954175.0,-79.3771597,43.6833486,123.0
20954176.0,-79.3768887,43.6833958,123.0
20954177.0,-79.3762499,43.6833796,122.0
20954178.0,-79.3758036,43.6834665,123.0
20954179.0,-79.3750654,43.6837148,123.0
20954180.0,-79.3747479,43.6837706,122.0
295246040.0,-79.3743359,43.6837706,122.0
295246041.0,-79.3739754,43.6836899,121.0
20954185.0,-79.377503,43.6832306,123.0
20954184.0,-79.3776318,43.6831251,123.0
20954183.0,-79.3776195,43.683019,122.0
20954181.0,-79.3772696,43.6821322,120.0
20954187.0,-79.3780864,43.685601,129.0
147188354.0,-79.3778853,43.6851299,128.0
20954224.0,-79.3783785,43.6862819,136.0
20954225.0,-79.3775387,43.6865376,137.0
20954226.0,-79.3769946,43.6867346,140.0
20954227.0,-79.3765444,43.6869035,141.0
20954228.0,-79.3761739,43.6871145,143.0
20954233.0,-79.372815,43.6867378,124.0
2409067242.0,-79.372807,43.6867787,124.0
960995182.0,-79.3728036,43.6867964,124.0
20954236.0,-79.3728048,43.6870258,125.0
20954237.0,-79.3728503,43.6872077,125.0
20954238.0,-79.3731037,43.6875261,126.0
20954239.0,-79.3731296,43.6876138,126.0
20954240.0,-79.3730842,43.6876917,126.0
20954241.0,-79.3727789,43.6880945,128.0
20954235.0,-79.37425,43.6873023,129.0
960995185.0,-79.3739417,43.6865387,125.0
2409067238.0,-79.3739364,43.6865256,125.0
20954232.0,-79.3739204,43.6864906,125.0
20954310.0,-79.3722856,43.6890165,130.0
960996216.0,-79.3715275,43.6870587,123.0
2409067246.0,-79.3715215,43.6870435,123.0
20954234.0,-79.371507,43.6870063,123.0
20954311.0,-79.3715017,43.6898139,129.0
20954301.0,-79.3768366,43.6922836,141.0
251090642.0,-79.3767421,43.6922029,140.0
20954298.0,-79.3765619,43.6917809,146.0
20954297.0,-79.3764251,43.6914542,148.0
20954296.0,-79.3761323,43.6907713,149.0
20954295.0,-79.375789,43.6899645,151.0
20954282.0,-79.3751624,43.6882391,150.0
20954253.0,-79.3826178,43.6866855,138.0
20954252.0,-79.3820191,43.6868147,140.0
20954251.0,-79.3812804,43.6869541,141.0
20954229.0,-79.3788703,43.6874509,143.0
20954300.0,-79.3753603,43.6920229,140.0
20954291.0,-79.3752659,43.6917933,142.0
20954290.0,-79.374963,43.6910694,144.0
20954289.0,-79.374609,43.6902307,147.0
20954283.0,-79.3741165,43.6890148,152.0
20954257.0,-79.3819516,43.6886425,144.0
122055016.0,-79.3795438,43.689153,149.0
20954292.0,-79.3739857,43.6912464,137.0
20954293.0,-79.3746994,43.6919112,140.0
20954267.0,-79.3832945,43.690351,148.0
754749952.0,-79.3831768,43.690376,148.0
122054988.0,-79.3795746,43.6911416,154.0
36154785.0,-79.3972145,43.7261362,169.0
708781835.0,-79.3971827,43.7260589,169.0
252680738.0,-79.3970585,43.7257566,169.0
295321798.0,-79.3805141,43.6777936,111.0
20953808.0,-79.380543,43.6780008,112.0
20953809.0,-79.3808004,43.678607,115.0
20953810.0,-79.381119,43.6793527,111.0
147184796.0,-79.3812108,43.6795086,110.0
20953811.0,-79.3815132,43.679858,109.0
20954244.0,-79.3839367,43.685703,131.0
20954243.0,-79.3835379,43.6857899,132.0
1457452701.0,-79.3834738,43.6858037,132.0
20954245.0,-79.3828169,43.6859451,135.0
20954246.0,-79.3819048,43.6861417,140.0
20954247.0,-79.3810282,43.6863122,143.0
20954250.0,-79.3788895,43.6867608,141.0
20954242.0,-79.3837172,43.6862322,132.0
20954256.0,-79.3816192,43.6878395,141.0
1457452707.0,-79.3810374,43.6863612,143.0
128963378.0,-79.3871335,43.6895315,146.0
394523758.0,-79.3870146,43.6894976,146.0
128967622.0,-79.3859744,43.6888014,139.0
20954210.0,-79.3835124,43.6840217,121.0
605013936.0,-79.383394,43.6840433,122.0
3832646149.0,-79.3833226,43.6840557,122.0
20954207.0,-79.3828858,43.6841318,124.0
295245699.0,-79.380092,43.6851603,127.0
20954218.0,-79.3799143,43.6847075,126.0
20954191.0,-79.3795544,43.6838141,125.0
20954186.0,-79.3775486,43.6843015,126.0
295329704.0,-79.377505,43.6843536,126.0
2467906078.0,-79.3774693,43.6843707,126.0
20954193.0,-79.3774243,43.6843923,126.0
20954194.0,-79.3767633,43.6845267,126.0
147188567.0,-79.3765807,43.6845341,126.0
147189238.0,-79.3731948,43.6866477,124.0
20954206.0,-79.3711081,43.6870758,121.0
20954315.0,-79.3706646,43.687208,121.0
36257978.0,-79.3703044,43.6873692,120.0
2409062105.0,-79.3700024,43.6875173,120.0
20954314.0,-79.3699066,43.6875504,120.0
295245615.0,-79.3693186,43.6876719,120.0
1865967284.0,-79.3692275,43.6876904,120.0
147191177.0,-79.3691737,43.6877012,120.0
20954313.0,-79.3691168,43.6877146,120.0
2409070245.0,-79.3714098,43.6897731,129.0
36257977.0,-79.3712545,43.6897042,125.0
2409070244.0,-79.3711334,43.6896543,123.0
2409065433.0,-79.3697935,43.6891021,118.0
36258023.0,-79.3697343,43.6890777,118.0
20954212.0,-79.3838307,43.6848146,129.0
605013819.0,-79.3837069,43.6848491,129.0
20954213.0,-79.3830989,43.6850348,129.0
20954214.0,-79.3821572,43.6852486,128.0
20954215.0,-79.3809297,43.6854167,130.0
20954216.0,-79.3802074,43.6855527,131.0
20954222.0,-79.3791709,43.6857543,131.0
262251590.0,-79.3784815,43.6859033,130.0
20954223.0,-79.3783118,43.6859935,132.0
295328462.0,-79.3783061,43.6860847,132.0
534003611.0,-79.3787005,43.6870441,142.0
3711332128.0,-79.3787575,43.6871807,142.0
20954278.0,-79.3717639,43.6967747,138.0
2274654783.0,-79.3717365,43.6967033,137.0
1645246741.0,-79.3716999,43.6966199,137.0
20954316.0,-79.3714908,43.696145,135.0
20954330.0,-79.3618593,43.6918359,110.0
20954331.0,-79.3619245,43.6911774,109.0
20954332.0,-79.3622297,43.690635,104.0
20954333.0,-79.3625732,43.6902949,99.0
20954334.0,-79.3632635,43.6898028,98.0
1254823237.0,-79.3634617,43.6895882,95.0
20954335.0,-79.363598,43.6893722,91.0
1254823245.0,-79.3637247,43.6890879,87.0
20954336.0,-79.3637861,43.6888367,88.0
1254823243.0,-79.3637933,43.6886519,88.0
20954346.0,-79.3653619,43.6832646,79.0
2467917331.0,-79.3658255,43.6829942,77.0
324550648.0,-79.3659195,43.68294,77.0
20954359.0,-79.3917688,43.6885778,138.0
538159999.0,-79.3915469,43.6886123,137.0
128962588.0,-79.39147,43.6886281,137.0
1266341905.0,-79.3907552,43.6887733,137.0
538160733.0,-79.3900385,43.6889188,139.0
128964231.0,-79.3899023,43.6889465,139.0
20954353.0,-79.367278,43.6779443,80.0
2057182741.0,-79.367045,43.6777734,80.0
20954355.0,-79.3668058,43.6775949,80.0
20954356.0,-79.3661959,43.6771143,80.0
20953790.0,-79.3796369,43.6728176,104.0
20953791.0,-79.3798687,43.673786,111.0
566834353.0,-79.3794698,43.6707935,105.0
2144931587.0,-79.3796078,43.670575,104.0
338825516.0,-79.3797197,43.6703541,105.0
1150386609.0,-79.3801407,43.6745116,110.0
2154876790.0,-79.3679392,43.6739402,109.0
20953787.0,-79.3672141,43.674448,111.0
20953788.0,-79.3671532,43.6744928,111.0
1564463061.0,-79.3610677,43.6757917,112.0
281915527.0,-79.3610033,43.6758035,112.0
2162951543.0,-79.3605653,43.6758912,115.0
20964463.0,-79.3603549,43.6759331,116.0
20964570.0,-79.4477402,43.6573205,110.0
3713201035.0,-79.4474347,43.6573803,110.0
129229072.0,-79.4469636,43.6574725,110.0
3021161198.0,-79.4453068,43.6577981,110.0
20964579.0,-79.3998167,43.6675107,113.0
389677900.0,-79.3997056,43.6675325,113.0
5082873843.0,-79.399302,43.6676217,113.0
20964583.0,-79.3792267,43.6718566,110.0
20979743.0,-79.3933208,43.6658708,110.0
20979744.0,-79.3934925,43.6657487,110.0
36603690.0,-79.3936274,43.6656239,110.0
1721866279.0,-79.3936779,43.665574,110.0
1721866277.0,-79.3937254,43.6655167,110.0
1721866275.0,-79.3937645,43.6654571,110.0
20979745.0,-79.3938123,43.6653719,110.0
1721866272.0,-79.3938357,43.6653189,110.0
36603691.0,-79.3938597,43.6652441,110.0
20979749.0,-79.3931131,43.6629433,110.0
1721866034.0,-79.3930071,43.6626748,110.0
1721865948.0,-79.3929435,43.6625369,110.0
1721865918.0,-79.3929052,43.6624866,110.0
24959523.0,-79.3928644,43.6624313,110.0
20979748.0,-79.3932391,43.6632705,110.0
20979740.0,-79.3924917,43.666074,110.0
1686556840.0,-79.3927487,43.6660477,110.0
2020836846.0,-79.3929119,43.6660212,110.0
50885180.0,-79.3929968,43.6659977,110.0
1686556838.0,-79.3931235,43.6659611,110.0
1721866284.0,-79.3932235,43.6659218,110.0
20979752.0,-79.3912347,43.6606757,104.0
1721865434.0,-79.3911771,43.6606517,104.0
50899620.0,-79.391081,43.6606379,104.0
1721865426.0,-79.3910114,43.6606334,104.0
36607339.0,-79.3909467,43.6606309,104.0
1721865433.0,-79.3908822,43.6606381,103.0
36607341.0,-79.3908173,43.6606509,103.0
1721865441.0,-79.3907361,43.6606733,103.0
36607342.0,-79.3906645,43.6606991,103.0
1721865479.0,-79.3905639,43.6607546,104.0
20979753.0,-79.3904803,43.6608186,103.0
1721866300.0,-79.3927305,43.6660906,110.0
1721866302.0,-79.3928186,43.666105,110.0
36607324.0,-79.392889,43.6661286,110.0
1721866305.0,-79.3929576,43.6661691,110.0
20979741.0,-79.393016,43.666217,110.0
1721866311.0,-79.3930655,43.6662616,110.0
55808402.0,-79.3931192,43.6663161,110.0
20979742.0,-79.3931594,43.6663676,110.0
1721865429.0,-79.3911416,43.6606417,104.0
1721865413.0,-79.3910628,43.6606062,104.0
1721865410.0,-79.3910032,43.6605737,104.0
36607344.0,-79.3909445,43.6605331,104.0
1721865386.0,-79.390896,43.6604951,103.0
36607346.0,-79.3908501,43.6604449,103.0
1721865354.0,-79.390823,43.6604068,103.0
60052035.0,-79.3907,43.6600705,102.0
20979761.0,-79.3893464,43.6575829,98.0
393551202.0,-79.3893958,43.6577092,99.0
42606787.0,-79.389639,43.6582632,100.0
303255353.0,-79.3897333,43.658462,100.0
303255365.0,-79.3898495,43.6587168,100.0
3081114059.0,-79.3898942,43.6588269,100.0
87486205.0,-79.390072,43.6592652,100.0
20380929.0,-79.3975786,43.6772071,120.0
975567365.0,-79.3975575,43.6771508,119.0
